"TRIAL","ROW","N","MEAN","SD","CAT1","CAT2","CAT3","SPARE","C1X1","C1X2","C1X3","C2X1","C2X2","C2X3","C3X1","C3X2","C3X3"
"T","V01",NA,NA,NA,0,1,2,NA,NA,NA,NA,NA,NA,NA,NA,NA,NA
"T","V01",NA,NA,NA,1,1,2,NA,NA,NA,NA,NA,NA,NA,NA,NA,NA
"T","V01",NA,NA,NA,1,2,2,NA,NA,NA,NA,NA,NA,NA,NA,NA,NA
"T","V02",NA,NA,NA,2,3,0,NA,NA,NA,NA,NA,NA,NA,NA,NA,NA
"T","V02",NA,NA,NA,1,2,1,NA,NA,NA,NA,NA,NA,NA,NA,NA,NA
"T","V02",NA,NA,NA,1,1,1,NA,NA,NA,NA,NA,NA,NA,NA,NA,NA
"T","V03",NA,NA,NA,0,1,2,NA,NA,NA,NA,NA,NA,NA,NA,NA,NA
"T","V03",NA,NA,NA,1,1,2,NA,NA,NA,NA,NA,NA,NA,NA,NA,NA
"T","V03",NA,NA,NA,1,2,2,NA,NA,NA,NA,NA,NA,NA,NA,NA,NA
