file,bytes,sha256
additional-checks-complete.txt,29,08543f5fc1ae4fe66b88d11d5a90455e1b436f091b80ae08673c59165bb42cfb
additional-checks.R,3607,4949baf0ac53cdb213973d0105297a41a303fe12282ca7816c181e72dece9bc9
AI-category-results.csv,178,72b50b8fb2492634dfb79cbdfd4b171637746fcfc6a86ae48c0db99056cec49b
AI-converted-template.csv,223,70b37b977ef245d0c41b1e04497d44be951dc954cffd7c5e9eaf8c7c38f90ab2
AI-exact-reference.csv,109,ec9945e7084638e25916540fbb98a7e28b502337535c7cf922eea719ba73e95f
analytic-checks-complete.txt,10,9ff1646934211cb19e0046e5d46cfe7a8cc96f2a0aecd1d0b7b67c5d65c789f0
analytic-checks.R,2467,ba7d89b2ac56b80565318fd688c74f67c0241b9721cf1141c45ea8e221e21899
arm-key-checks.R,3607,bd990832db8dfdd871f90e389b961b13e9618390f17ad4f881ea62d247cd5d2e
arm-key-comparisons.csv,274,a51c07c609e0bf0dff3c1765843aacfe4bbbaae4a94658918895b4f0ed7c3c75
arm-key-complete.txt,10,9ff1646934211cb19e0046e5d46cfe7a8cc96f2a0aecd1d0b7b67c5d65c789f0
arm-key-property-checks.csv,2505,09064e1fd0d9770bd5872a51549bc529b505e70d870452b188e00527fbf2ffbd
common.R,2040,31369586be3a680aeadc66bc397890a754e715e0ddc9a28eeeb40770fff052e5
comparison-category-m1000-old.csv,275,f3d78a7507eee0d38ac5c1f6bd002581a2c9c93dbca9b71bef8bdaefda3cab3c
comparison-category-m1000-old.rds,281,24be12f231b8aff4c0a7ca336c42450e4c77fb8ac34eed588ee86e51534a4744
comparison-category-m1000-target.csv,275,f3d78a7507eee0d38ac5c1f6bd002581a2c9c93dbca9b71bef8bdaefda3cab3c
comparison-category-m1000-target.rds,281,24be12f231b8aff4c0a7ca336c42450e4c77fb8ac34eed588ee86e51534a4744
comparison-category-m1e+05-old.csv,275,f3d78a7507eee0d38ac5c1f6bd002581a2c9c93dbca9b71bef8bdaefda3cab3c
comparison-category-m1e+05-old.rds,281,24be12f231b8aff4c0a7ca336c42450e4c77fb8ac34eed588ee86e51534a4744
comparison-category-m1e+05-target.csv,275,f3d78a7507eee0d38ac5c1f6bd002581a2c9c93dbca9b71bef8bdaefda3cab3c
comparison-category-m1e+05-target.rds,281,24be12f231b8aff4c0a7ca336c42450e4c77fb8ac34eed588ee86e51534a4744
comparison-continuous-m1000-old.csv,215,6a21d1bf3c71c6bac7a452e80c88d01613f507deca115054e44a7027186843bc
comparison-continuous-m1000-old.rds,251,1acbf72bbf9cb23d5437af4431be6df6cf6633d90c10af3496ef368f5d4e00c9
comparison-continuous-m1000-target.csv,215,6a21d1bf3c71c6bac7a452e80c88d01613f507deca115054e44a7027186843bc
comparison-continuous-m1000-target.rds,251,1acbf72bbf9cb23d5437af4431be6df6cf6633d90c10af3496ef368f5d4e00c9
comparison-continuous-m1e+05-old.csv,222,7a2612d7c8141464cd7cd9cd287016c4fb5c7dc15dd3783e729fdbfa826f1cab
comparison-continuous-m1e+05-old.rds,262,0d46cce6a0d75d431e06fbb3b7ca4e2d459711d3055406ab09e106c6b89dab81
comparison-continuous-m1e+05-target.csv,222,7a2612d7c8141464cd7cd9cd287016c4fb5c7dc15dd3783e729fdbfa826f1cab
comparison-continuous-m1e+05-target.rds,262,0d46cce6a0d75d431e06fbb3b7ca4e2d459711d3055406ab09e106c6b89dab81
comparison-median-m1000-old.csv,218,3a293ee91468d00d27e7b4d9322d569b6f53c9ca008e5eac51bfade9585a848b
comparison-median-m1000-old.rds,253,c26e02d6f2fa7ba2661fb16bf484748bbe0a2a8e43949d61012cd9a01f9bb2dc
comparison-median-m1000-target.csv,218,3a293ee91468d00d27e7b4d9322d569b6f53c9ca008e5eac51bfade9585a848b
comparison-median-m1000-target.rds,253,c26e02d6f2fa7ba2661fb16bf484748bbe0a2a8e43949d61012cd9a01f9bb2dc
comparison-median-m1e+05-old.csv,223,d71f83b7f20c503f5443523b015091db6285a0c43ed0ba93e915851ee9f6a8f8
comparison-median-m1e+05-old.rds,260,692b4d7ec69d85f470de9fe62102a41780118804d68555fbc421461bf9390256
comparison-median-m1e+05-target.csv,223,d71f83b7f20c503f5443523b015091db6285a0c43ed0ba93e915851ee9f6a8f8
comparison-median-m1e+05-target.rds,260,692b4d7ec69d85f470de9fe62102a41780118804d68555fbc421461bf9390256
comparison-shared-m1000-old.csv,701,316c3d2dd969e7dde4f03b8c4e3f4d44933b8c4779ef520b5326c3df50317475
comparison-shared-m1000-old.rds,327,3319ca1621b618e4b15b0aef23d684f0095d29a88b3eb5f6801fab924130aaa1
comparison-shared-m1000-target.csv,701,316c3d2dd969e7dde4f03b8c4e3f4d44933b8c4779ef520b5326c3df50317475
comparison-shared-m1000-target.rds,327,3319ca1621b618e4b15b0aef23d684f0095d29a88b3eb5f6801fab924130aaa1
comparison-shared-m1e+05-old.csv,709,f2f0044a560d897a0fe2f11b223385dc7a12cd3e869d4a1a01cd93345435fc74
comparison-shared-m1e+05-old.rds,331,6742c43263e8fec4e380880ef0d30b57158425ddb3bed6446bc15f5282fdae36
comparison-shared-m1e+05-target.csv,709,f2f0044a560d897a0fe2f11b223385dc7a12cd3e869d4a1a01cd93345435fc74
comparison-shared-m1e+05-target.rds,331,6742c43263e8fec4e380880ef0d30b57158425ddb3bed6446bc15f5282fdae36
dependency-versions.csv,2738,902596491e1e98c07926355aadf8d567d5831f7a44d96e8d46b4c10d2c0d4eaf
direct-grid-reference-complete.txt,44,6bea847410a6cbe79677c8a290ae94f68c4a3f2fecd2d5f255ed56afc25822ac
direct-grid-reference.csv,220,143d1be08e59a13bdacc0190dfa92dd7f35c67f91bc95c4797f94c536b022039
direct-grid-reference.R,1469,8c3d872ae54373b454bbc03d64fe4903b3f526018c8bcb456f1848064c77c4a4
draws-arm-key-continuous.rds,36187,df688c7b7eff1c428bf70b8148217e78f5556f3fc7620252c1eb5f3edec3e13c
draws-arm-key-direct.rds,3239,db8db349d17e015eee119816b3e421aa135debc3346691a41c7bfee85e2c5bdc
draws-arm-key-median.rds,479624,7e0af6c343d508feef42fd28d36de7ea9e67f301c7bb729c81a020a80185c66a
draws-multi-three_by_three-absent-column.rds,248607,ef3a70a7a8f0a5f62b17176abb235eb71f2e7de82bd8e3132fc49e63a7f41553
draws-multi-three_by_three-arms.rds,248469,837732a989c0b45c1c9bcdf728d353243a9d3a17c1558b6f8b4dab0f26e0da2a
draws-multi-three_by_three-base.rds,248592,e7f9adb1d8f5f761b8879d0b7ea39758ee6b4f3010d8e11c695ccde65de9cb13
draws-multi-three_by_three-both.rds,248552,347253b8b83165419eaaeaf34e31aa3f4d15d828fda4198f4462323c2d140bb9
draws-multi-three_by_three-categories.rds,248607,ef3a70a7a8f0a5f62b17176abb235eb71f2e7de82bd8e3132fc49e63a7f41553
draws-multi-three_by_three-disjoint-names.rds,248592,e7f9adb1d8f5f761b8879d0b7ea39758ee6b4f3010d8e11c695ccde65de9cb13
draws-multi-three_by_three-zero-column.rds,248592,e7f9adb1d8f5f761b8879d0b7ea39758ee6b4f3010d8e11c695ccde65de9cb13
draws-multi-three_by_two-absent-column.rds,28885,7d33db489192c037651cd4709e1ec749d09be61cb2e481754904f0da9c5058d5
draws-multi-three_by_two-arms.rds,28885,ab306646ededc157d6c31f8b23302c135ca888b35facb551fc9efef4bb33c130
draws-multi-three_by_two-base.rds,28861,f2a592ffe81ceac18b0f3e675c2357450048d85de9b6410b8d9bf7dd8255c670
draws-multi-three_by_two-both.rds,28951,f638f5e8486745cd89e88984ee8094fda482336ac78156b79b1c11a919a38b99
draws-multi-three_by_two-categories.rds,28885,7d33db489192c037651cd4709e1ec749d09be61cb2e481754904f0da9c5058d5
draws-multi-three_by_two-disjoint-names.rds,28861,f2a592ffe81ceac18b0f3e675c2357450048d85de9b6410b8d9bf7dd8255c670
draws-multi-three_by_two-zero-column.rds,28861,f2a592ffe81ceac18b0f3e675c2357450048d85de9b6410b8d9bf7dd8255c670
draws-multi-three_equal_arms-absent-column.rds,16843,f96ba682b920852043f6bdf2065a13bdd0a09dddb6a8672e392cf839d39cd5e2
draws-multi-three_equal_arms-arms.rds,16859,f89c165a4a25d8eaf77658b30230fde86939168c1fdace0d833ad31f6bef1fc2
draws-multi-three_equal_arms-base.rds,16859,f89c165a4a25d8eaf77658b30230fde86939168c1fdace0d833ad31f6bef1fc2
draws-multi-three_equal_arms-both.rds,16843,f96ba682b920852043f6bdf2065a13bdd0a09dddb6a8672e392cf839d39cd5e2
draws-multi-three_equal_arms-categories.rds,16843,f96ba682b920852043f6bdf2065a13bdd0a09dddb6a8672e392cf839d39cd5e2
draws-multi-three_equal_arms-disjoint-names.rds,16859,f89c165a4a25d8eaf77658b30230fde86939168c1fdace0d833ad31f6bef1fc2
draws-multi-three_equal_arms-zero-column.rds,16859,f89c165a4a25d8eaf77658b30230fde86939168c1fdace0d833ad31f6bef1fc2
draws-multi-three_larger-absent-column.rds,285723,a6fcb030d96814d26133ab6e1d8e7dc4279e0255e3a57099bd47d9ccdb68f33e
draws-multi-three_larger-arms.rds,285669,d6f669d8a130fa083e17ece6b3de03d2560ff34b1c3f62804e2c4bab5130db77
draws-multi-three_larger-base.rds,285605,8204e48706771c28c78ab84e81508d996041b23f7697bb8ae7dc45b050e550bc
draws-multi-three_larger-both.rds,285650,19a46faaa01c468707629a6329a33a71915c715ab8f23fb47c7de1e616422d05
draws-multi-three_larger-categories.rds,285723,a6fcb030d96814d26133ab6e1d8e7dc4279e0255e3a57099bd47d9ccdb68f33e
draws-multi-three_larger-disjoint-names.rds,285605,8204e48706771c28c78ab84e81508d996041b23f7697bb8ae7dc45b050e550bc
draws-multi-three_larger-zero-column.rds,285605,8204e48706771c28c78ab84e81508d996041b23f7697bb8ae7dc45b050e550bc
draws-symmetric-continuous-J14.rds,43923,742c4e17e4a481a709d75ed759cc38719cc7412dec1be16591d0e2beb607c43a
draws-symmetric-continuous-J5.rds,2003,170e763a375fdfc447cea758dadfa130498f8fb3e97a92ebf6da3a15808f3ff5
draws-symmetric-continuous-J9.rds,3293,655f29eefbfba6f26a0ac49fe36edbc4fe17604c8c8fe1254a46a57b5d710b51
draws-symmetric-direct-J14.rds,46045,ddf37fdca108cb3fb6123fd9f009adf8d4aaef94f351e92531fc1176f3bf270d
draws-symmetric-direct-J5.rds,2070,c96187cc133a86f4dd9bb500f48568a030df70847c604769a4810b1a6809e29d
draws-symmetric-direct-J9.rds,3407,7c6d203e33bc984ce3d6ba6f47c86192a5d35ab0ae49b29f2da12d9327e94ea5
draws-symmetric-median-J14.rds,704155,daa751fce7f958ee543363b222ed4eccdb5c66cf672791e3353a1fe645f7a65f
draws-symmetric-median-J5.rds,25585,f005cc75d168b3feee5a332d9586b6b72cb29effe31981cdbb92b3e42ec03532
draws-symmetric-median-J9.rds,452560,f4771383a629f680027ea4fb499a4a0dc7eda7052f55a7562e4b0073e51c3229
draws-symmetric-refined-continuous-J5-s42.rds,278762,43e962afb8910b4a0b0f575171604442a1a61ca6f0caa2857f19e542378d76cd
draws-symmetric-refined-continuous-J7-s42.rds,390140,c8c4c2bdb523a0b7497419dde9ff86e3e255cc2566ff766f16caa84806d1ca20
draws-symmetric-refined-direct-J5-s42.rds,26725,c3da367db89182eb3605a231111fabdbd896625a13df88b24a86964d02199f4e
draws-symmetric-refined-direct-J7-s42.rds,368391,a2aa8df56e95864dd893a36961a750c754504de0ed3bfa7b21722e74f2c68017
draws-symmetric-refined-median-J6-s42.rds,30652,46bae5a6c74c99c34f9a9ad7919837c00c8951a1971a6c5078a56dcc85a23c00
draws-symmetric-refined-median-J6-s43.rds,30716,9f33992e55e220d2f267689aaddb8c11d111d84ef1f23e7979a92238ce413817
draws-symmetric-refined-median-J7-s42.rds,352021,e5ccea013dcf7dc4c4f80d95701089c26b326d69b25e21d267e817a1e9a0b2a7
draws-symmetric-refined-median-J7-s43.rds,352042,9251f0fe34b3dc15a446f8c48ac6c57612eb33d5bcc0aa9490e0ce5f17d65f42
draws-symmetric-refined-median-J8-s42.rds,402284,c198bbe187eef4f3eed042cc7c963714af5d1f9243a07d60474e3385ca24dcda
draws-symmetric-refined-median-J8-s43.rds,402438,1a0212500f491c9dc6fa39267fa139f8c4cb12791c679470722d4cbb212a312a
draws-symmetric-refined-median-J9-s42.rds,452560,f4771383a629f680027ea4fb499a4a0dc7eda7052f55a7562e4b0073e51c3229
draws-symmetric-refined-median-J9-s43.rds,451811,b72adf11ca013dbb40fd73050cb1a7aab82e014ab02859de7fa74e1ebd59f786
enumerate-laws.py,2422,7b81a2111984bd3650ec447c561cc3ea6e52ec4726f8e7d74745d12683f83da3
exact-law-four_arms.csv,1928,c821b9224ba45377db93309e0bdc004a451551ea637dc287a9c76bcb35c1e06e
exact-law-three_off.csv,490,36d7de3298c4ef3f5f14addcd5eb60d88bf4bd4c4b4020124c6d10ecd6333cb0
exact-law-three_tie.csv,227,68d3e251ac542f0fddd887f90701e5b627f0939a4d6c9c15224b92766ad5930d
exact-law-two_by_three.csv,227,68d3e251ac542f0fddd887f90701e5b627f0939a4d6c9c15224b92766ad5930d
exact-law-two_equal.csv,90,7b3e980b5754d750defa99c0074a4fd540e7ffe2029db40306da96edbb5fc2b7
exact-law-two_unequal.csv,126,bf47e5dcdbeb0e05ca91097ee944e39a8a08c4ba94ce3dbb8393c368e1feaf10
exact-multilevel-three_by_three.csv,1049,59613d1bb15319fd8846e7338cf459143ae23c4a15ca4abf549b73f610196999
exact-multilevel-three_by_two.csv,232,4185900b1915d722382e4f2584148480ff7ddc6de2bac7f9ec79a3887a3e4c1d
exact-multilevel-three_equal_arms.csv,334,4b575df1b032d73b95942efe51e4af2714b757fd28e5f7fceebbecc4acf39ec9
exact-multilevel-three_larger.csv,2428,dbae673985439a52a7ada22abf596285b20bffd4a9871754365ddfb1c9d74a9f
F-unequal-replication-summary.csv,205,127772a39a31fdc7fa3eae9b30701656a59e7f718bb30a9bcfcedf7bb74a0559
F-unequal-replications.csv,1066,d93a6159ecaac1c89655703b52a7d59580fafe1630739f97068a8abb1e8bf7f6
finalize-evidence.R,1554,5d97f7be42fadfc3dc09d2475ba9cdf723b39b2b0b0d37aa7887dbc565f4704f
fixture-AI-reserved-levels.json,615,479a618f51723fc990a2e41e0be8ced6a03d4f4af54c098e42b99d87f9df69e1
fixture-all-excluded-trial.csv,133,7b979233b05178ad6af5c5ee0f3d8a0227dda1d97a221742c17666a620f8a102
fixture-arm-key-continuous.csv,237,b560260dc98078b95177444a7704cec1f29c4c25fbd98a04a299205b007d08a2
fixture-arm-key-direct.csv,243,7e334cd97ff4b9245d2db6b92650914377e80a5b918e391cd30f1bea22c7f435
fixture-arm-key-median.csv,289,e27c8f706f2c11c0920bdc74b12a8793ddac023aa9c0bd5c53844ec24198c6a1
fixture-combination-15-0.csv,885,fb4f12c34f3cfc679cb2cfedf468ae3571bddb420978cb40affe15473f744bb7
fixture-combination-15-1.csv,885,b72512ae228d096d7bf5f51e57a68567f972f8127a63ad677f72007f435cbc98
fixture-combination-16-0.csv,941,93ed2b3568d01574238ba0fc36b28e421ef1e8e34bc80282708c0a2c5dd746ee
fixture-combination-16-1.csv,941,501ac3901a1b57386f0a0e044207f5d33440c76ca5a9ff928b394dddfa239712
fixture-combination-5-0.csv,325,949c5d662191a627756f56739cd5dbbbcb19e2e0d980af271ac05bd99ffe97e4
fixture-combination-5-1.csv,325,997931d25f797170c9533311844dcdd3dac173421bc1ecae35ab0beeaedc8913
fixture-comparison-category-m1000.csv,174,f0dbe8849eb1d616e352b75870e5e18016d788d9c929fa793889cce0132d5431
fixture-comparison-category-m1e+05.csv,174,f0dbe8849eb1d616e352b75870e5e18016d788d9c929fa793889cce0132d5431
fixture-comparison-continuous-m1000.csv,183,07dacfa7fccd88ae7ba2e6a69c6669ed94027a577a0c838c20d7ad74fcb28800
fixture-comparison-continuous-m1e+05.csv,183,07dacfa7fccd88ae7ba2e6a69c6669ed94027a577a0c838c20d7ad74fcb28800
fixture-comparison-median-m1000.csv,215,0e5b056050ff51360bd3142fb22ae80b95e51cf25e194499d9bf770972e86b55
fixture-comparison-median-m1e+05.csv,215,0e5b056050ff51360bd3142fb22ae80b95e51cf25e194499d9bf770972e86b55
fixture-comparison-shared-m1000.csv,493,ea6ea01f74459979b8bf7d7e70dc6af08da80957956329b17fba785838ec8ca5
fixture-comparison-shared-m1e+05.csv,493,ea6ea01f74459979b8bf7d7e70dc6af08da80957956329b17fba785838ec8ca5
fixture-direct-mean-grid.csv,153,3775c1d14515e36d7682cbecb7ff8f58bdaf0cb043f799b9a108381f1e90dadb
fixture-F-direct.csv,159,fa9e2c652ae2b46fc5b69bb504144bb80389ccd0a01d8ecbe413a4651ae2665d
fixture-F-small.csv,153,7b835d9fa127d32e55f62d5eb9d186c77a95b0f0e5e692d3a8109e8c9494e90b
fixture-F-three.csv,195,6ce76582d61711a9f962d63542fe2bf8de1cdbc1a036dec38f9e3e523116a122
fixture-F-unequal.csv,155,49d1ece2aab8d9ab40abb1086248f5e0198cfe1caa30d481b0eda4fdf53e6821
fixture-four_arms.csv,177,7525dbb521db73f22fe4e37c1dd11a5477b0f693ba2dfd426ebd808833b02876
fixture-http-duplicate.csv,96,75a75035beba4f76f0651f5ccda1895c957e3d9f2d4eacaaa9184b02dbf2ba24
fixture-http-identical-headers.csv,71,2b12518c7722febfcaf821c39ffa97c9f135488a02f4c30c5038b360f7ce7969
fixture-http-partial-trial.csv,76,b0b36e91965e892f6eef9e20e5edf55bed413c1a2c5b7854284b3f984d799eec
fixture-invariance-continuous-base.csv,141,cc0b138c06e15d34c7e00336c7a10f1a76711c527b7ef839a9d95279436b57e2
fixture-invariance-continuous-translated.csv,147,969c53c6759f789534ab7482b733869f0811f3cadc464069851b1946b34ad619
fixture-invariance-continuous-units.csv,154,ef4b830d714985c62ae5cf33b7452c5516a0b3a277fd6ab655152a25f8972976
fixture-invariance-median-base.csv,163,56dcf6b69b38ebe5603479691c4b2bb08a68ea2ded067d52dbbe3d0ca187ad56
fixture-invariance-median-translated.csv,181,560058eb2dc6c1583e7d96febcbcac01ab0dc23e18867cdf07787c9245a9f5d3
fixture-invariance-median-units.csv,183,703ee7dcbde312ee24bcb9f9b8dd0e18e32bfb97eb3cc2da9a6605c55a40026c
fixture-J14-baseline-seed42.csv,743,a51f1f3ff209cb09584b6ca5726fe31f1c6c4e927c5273535133c4e3ea73b3b7
fixture-J14-baseline-seed43.csv,743,a51f1f3ff209cb09584b6ca5726fe31f1c6c4e927c5273535133c4e3ea73b3b7
fixture-J14-baseline-seed44.csv,743,a51f1f3ff209cb09584b6ca5726fe31f1c6c4e927c5273535133c4e3ea73b3b7
fixture-J14-flip-extreme-seed42.csv,743,0b662c63fd55891fcc9065857afb412da04fb27e4d9d1d32ba4a632ae5102502
fixture-J14-flip-extreme-seed43.csv,743,0b662c63fd55891fcc9065857afb412da04fb27e4d9d1d32ba4a632ae5102502
fixture-J14-flip-extreme-seed44.csv,743,0b662c63fd55891fcc9065857afb412da04fb27e4d9d1d32ba4a632ae5102502
fixture-J14-flip-ordinary-seed42.csv,743,09b86742dce4875bb5b5ad59da89841fda70a8c61a7c5989f7d14411d3b89daf
fixture-J14-flip-ordinary-seed43.csv,743,09b86742dce4875bb5b5ad59da89841fda70a8c61a7c5989f7d14411d3b89daf
fixture-J14-flip-ordinary-seed44.csv,743,09b86742dce4875bb5b5ad59da89841fda70a8c61a7c5989f7d14411d3b89daf
fixture-J9-baseline-seed42.csv,493,52b875ec53e7a51681310b23726c3359548a0165f3929e0e7c64266ea4dddd1d
fixture-J9-baseline-seed43.csv,493,52b875ec53e7a51681310b23726c3359548a0165f3929e0e7c64266ea4dddd1d
fixture-J9-baseline-seed44.csv,493,52b875ec53e7a51681310b23726c3359548a0165f3929e0e7c64266ea4dddd1d
fixture-J9-flip-all-seed42.csv,493,0a01645fe4d4daf648fdbb5161b7850ad16c4b5362ce35fc2b6430b5ee9cdb4d
fixture-J9-flip-all-seed43.csv,493,0a01645fe4d4daf648fdbb5161b7850ad16c4b5362ce35fc2b6430b5ee9cdb4d
fixture-J9-flip-all-seed44.csv,493,0a01645fe4d4daf648fdbb5161b7850ad16c4b5362ce35fc2b6430b5ee9cdb4d
fixture-J9-flip-extreme-seed42.csv,493,ceb0daae3badb672cbc37d40385aa1566b8958833512a1342623765650e83825
fixture-J9-flip-extreme-seed43.csv,493,ceb0daae3badb672cbc37d40385aa1566b8958833512a1342623765650e83825
fixture-J9-flip-extreme-seed44.csv,493,ceb0daae3badb672cbc37d40385aa1566b8958833512a1342623765650e83825
fixture-J9-flip-odd-seed42.csv,493,a989f5380c3589662c56a9b197b8cb751bf9654ea4074a6c07dbde964548b9a2
fixture-J9-flip-odd-seed43.csv,493,a989f5380c3589662c56a9b197b8cb751bf9654ea4074a6c07dbde964548b9a2
fixture-J9-flip-odd-seed44.csv,493,a989f5380c3589662c56a9b197b8cb751bf9654ea4074a6c07dbde964548b9a2
fixture-J9-flip-ordinary-seed42.csv,493,31992d4b60271b56b22f6b313fff29a773e2f3e2797f2a0219603932c252eb3a
fixture-J9-flip-ordinary-seed43.csv,493,31992d4b60271b56b22f6b313fff29a773e2f3e2797f2a0219603932c252eb3a
fixture-J9-flip-ordinary-seed44.csv,493,31992d4b60271b56b22f6b313fff29a773e2f3e2797f2a0219603932c252eb3a
fixture-median-asymmetric.csv,172,afa8924dd3aae6473b9af3e74df3f6755f8480d8e68226ab1cf7c142bf8fcc71
fixture-median-clipped.csv,172,c3a6b370c7a76f14b18066d00b3584ded2e6baf3e6d61019d5ca1800c29d3f04
fixture-median-symmetric.csv,172,ae0db9c4254c3a34381e4a63a5fc0c75902ced9938515e6ef87afcb5fe6884ec
fixture-multi-three_by_three-absent-column.csv,627,809ad09742481050789958680b55b10c2d02442763344f273c210a2ea9548e59
fixture-multi-three_by_three-arms.csv,627,2dbaecd9e6fc5fd29ccc2d4fd7a6a85229ff2e16455ca015f048af73167ad8a8
fixture-multi-three_by_three-base.csv,627,7e5c9b4173f0e78627c3f5ecc8d18fe19e85502ff98cb67d3507ff8382266c55
fixture-multi-three_by_three-both.csv,627,d9bfe2b317b784c4bd3e7adc180891a08a0eef274a415d0ed2281c7d99b38d44
fixture-multi-three_by_three-categories.csv,627,b9064ab2c9a1acd4a43b130ce28b72c1cd38fa2357ca3baaf3a536ba0cd34329
fixture-multi-three_by_three-disjoint-names.csv,627,9ca5e5ed1fd5b39d4e49d32854140a3b347569606aae84044d579b09c617408f
fixture-multi-three_by_three-zero-column.csv,624,eb7c3fc99a645902c1914c2da6573fa3688c5d0b29321473a2663a14f3b185c3
fixture-multi-three_by_two-absent-column.csv,2366,24a02a57f71550f258aae12399d4ef1a12a7c1c2c24a0062f1441fc9f2da5915
fixture-multi-three_by_two-arms.csv,2366,3ed1dcf7f44410d70bd70cfa5420d224371578451375dc59f67e86f326315bb7
fixture-multi-three_by_two-base.csv,2366,9b497cee20de2cb15739d1a8d5be02cc27bd06beb104873c64d2f83412231de7
fixture-multi-three_by_two-both.csv,2366,c977f4c95644b048e6934d9026dde2575364f87b88f7addaf5f2a9c8d119e6ec
fixture-multi-three_by_two-categories.csv,2366,c2ca4449037ee3f8e7a20184c780692120729cb82aa7fbcd6594350420285514
fixture-multi-three_by_two-disjoint-names.csv,2366,0985797189187b990b539242467d2336f6f5fe0a425cbac80671801498ab9eab
fixture-multi-three_by_two-zero-column.csv,2363,b26600ed08594abb07d39f9822f2a8ae1d96b95629e2b685d39b7d7b7909768c
fixture-multi-three_equal_arms-absent-column.csv,627,4fafe0618577baff4519d2655268cd9b394976c72ce6637f68505bd5e3973d63
fixture-multi-three_equal_arms-arms.csv,627,74b62a0de5f57f78845ae3bbf0cdec761f3a646534eb6d4699852fd671b2ad4f
fixture-multi-three_equal_arms-base.csv,627,c00c8da48c68959a1c1c86cbb0e42706e55a36257cf2b79c1a1b60d3581ed5a1
fixture-multi-three_equal_arms-both.csv,627,492e7a547fb39ccb101c15c51ccfdd1a5fbadc400e7f58addeeba0991477f1a7
fixture-multi-three_equal_arms-categories.csv,627,743a9684e8c8a87f153816e61844594cac16086e830f19b79e5e53ce84be0809
fixture-multi-three_equal_arms-disjoint-names.csv,627,23b79f0e70fb82ade8a8cefe049697b8e59ee46b6517c028c1cf60e289b78d37
fixture-multi-three_equal_arms-zero-column.csv,624,53864a95f71547d43ee67e51da96746ebfd0833db44b7372f238af26e1622fcb
fixture-multi-three_larger-absent-column.csv,627,bc0a05c97559c19656ff0a18de7bee660c5dc463208c2cc582ed713b18913271
fixture-multi-three_larger-arms.csv,627,4690c14da1395aadc87b9016e6ab2993e1eaa232bc9a5fbdd9eced7079273702
fixture-multi-three_larger-base.csv,627,fa6fc01087c97343fc50c091e3a0d27762a8f656d0c1b4dce272c94f051ce102
fixture-multi-three_larger-both.csv,627,2b2fffbb5e9f085bb3234a25a2a1819ffad9802c0eaf5c352c179f54b6056909
fixture-multi-three_larger-categories.csv,627,654adfdf83eba6926d9e8ed4c9575eecbf789f7bd875f1a1295ac445e3cf8c52
fixture-multi-three_larger-disjoint-names.csv,627,08ca6818d5043003d37f412b3c710597ef96ec3cde5d7a0bddec420a5c5c6a4e
fixture-multi-three_larger-zero-column.csv,624,466f3f637ba3397e4dd5a8cd74b2e4caa54d08de8393a8ac777536b18c76517e
fixture-pool-boundary-100.csv,5042,171174ddc5bf81eeceb5f91dfe2ad30d20f8f022f4cb7dc4d62bed97992ecef5
fixture-pool-boundary-101.csv,5092,9f1749a9c6f5906c640916208ad74257f618e6a4e1055f90da8b7b0a6bff9380
fixture-symmetric-continuous-J14.csv,756,9160a7eb03573e0f97299e07f47c7e6363c7dc13c945853daf72dc42fe8aba2b
fixture-symmetric-continuous-J5.csv,324,4fb14fd00b8981c0e1eb572a933c403152438198378896c03af491e948f8b255
fixture-symmetric-continuous-J9.csv,516,30bba2d8992b71d8b5992e96167f71c5f5f4932d849cd0d57f87d2b2047b1924
fixture-symmetric-direct-J14.csv,784,5a318941c850047e15effdc6a70ec2a28d4b26227f77bd8b1af0effdbdda95d0
fixture-symmetric-direct-J5.csv,334,461361aaf814628eb75666ebbe416fe0f620e56bcf93111f24a114619e0f8e07
fixture-symmetric-direct-J9.csv,534,97b21c093e27c27fd4840607aff71d853527eb98d2f2d5cd22a6c838419467ab
fixture-symmetric-median-J14.csv,906,5ff82f0dadbdae0d5c260f5124fe0ae97d9a5cf1f2f089ac20962f74319ac88a
fixture-symmetric-median-J5.csv,384,8b81d2a80c7d44c1da3428002ad1f2894a43281ed1599aa4cf7f9ab7d91ee16f
fixture-symmetric-median-J9.csv,616,a994917005f41a2ffa606855a4f11ea28cc3bc8cdae73034f97b64e747bd5dcd
fixture-symmetric-refined-continuous-J5-s42.csv,324,952da71e5effbb70a08134a8bffdbd8698610d63bf771854cbc93d82713702db
fixture-symmetric-refined-continuous-J7-s42.csv,420,340f1e9a0b5fb652897a25571f18b5bc077249085b29278833b955e6f3d4cfe3
fixture-symmetric-refined-direct-J5-s42.csv,344,0f8a21f25dccf90d4a4aee18cf84dd8a514e20a84fcdd09cd2f773b8453806db
fixture-symmetric-refined-direct-J7-s42.csv,448,02744dcc52f382ab5e26b6f86e06a4db2ab29e62afda461c318d652797558893
fixture-symmetric-refined-median-J6-s42.csv,442,7630dcfca4a28fd70f024ded9d04a744f87fee299f5394b3f098ae3a7761b440
fixture-symmetric-refined-median-J6-s43.csv,442,7630dcfca4a28fd70f024ded9d04a744f87fee299f5394b3f098ae3a7761b440
fixture-symmetric-refined-median-J7-s42.csv,500,60febd9e778c61c3eb2eda356396c0b3d8f44661955a4f4d656a9b709e92a3cf
fixture-symmetric-refined-median-J7-s43.csv,500,60febd9e778c61c3eb2eda356396c0b3d8f44661955a4f4d656a9b709e92a3cf
fixture-symmetric-refined-median-J8-s42.csv,558,e89a26f1c6cf08a3105f259faf039e64d34193c6dd5b7482c779d099b0328c97
fixture-symmetric-refined-median-J8-s43.csv,558,e89a26f1c6cf08a3105f259faf039e64d34193c6dd5b7482c779d099b0328c97
fixture-symmetric-refined-median-J9-s42.csv,616,a994917005f41a2ffa606855a4f11ea28cc3bc8cdae73034f97b64e747bd5dcd
fixture-symmetric-refined-median-J9-s43.csv,616,a994917005f41a2ffa606855a4f11ea28cc3bc8cdae73034f97b64e747bd5dcd
fixture-three_off.csv,144,197a327964c63e27e302f594b7aac787c7e2a0488285241af569102cc8a9dabb
fixture-three_tie.csv,144,86c7d4997ba60e7ea0ae2fe97eb3c7cf5898f419d087dddf7a349d9566d8f3e1
fixture-transpose-J14-all-s42.csv,743,4c432e72051c22a7caffde9a039cfe77b174d75b2f695273f7e5d1275c49270a
fixture-transpose-J14-all-s43.csv,743,4c432e72051c22a7caffde9a039cfe77b174d75b2f695273f7e5d1275c49270a
fixture-transpose-J14-all-s44.csv,743,4c432e72051c22a7caffde9a039cfe77b174d75b2f695273f7e5d1275c49270a
fixture-transpose-J14-extreme-s42.csv,743,9a5dc8f6a42baf8bb1d5449b0fe5baab5b1e9310b6750c2d8b4e65e602a80b72
fixture-transpose-J14-extreme-s43.csv,743,9a5dc8f6a42baf8bb1d5449b0fe5baab5b1e9310b6750c2d8b4e65e602a80b72
fixture-transpose-J14-extreme-s44.csv,743,9a5dc8f6a42baf8bb1d5449b0fe5baab5b1e9310b6750c2d8b4e65e602a80b72
fixture-transpose-J14-none-s42.csv,743,a51f1f3ff209cb09584b6ca5726fe31f1c6c4e927c5273535133c4e3ea73b3b7
fixture-transpose-J14-none-s43.csv,743,a51f1f3ff209cb09584b6ca5726fe31f1c6c4e927c5273535133c4e3ea73b3b7
fixture-transpose-J14-none-s44.csv,743,a51f1f3ff209cb09584b6ca5726fe31f1c6c4e927c5273535133c4e3ea73b3b7
fixture-transpose-J14-ordinary-s42.csv,743,de5c40900003b9d360d9cbe45a334224989f1c473e1585c2dda4b2ccad89277f
fixture-transpose-J14-ordinary-s43.csv,743,de5c40900003b9d360d9cbe45a334224989f1c473e1585c2dda4b2ccad89277f
fixture-transpose-J14-ordinary-s44.csv,743,de5c40900003b9d360d9cbe45a334224989f1c473e1585c2dda4b2ccad89277f
fixture-transpose-J9-all-s42.csv,493,ee36ed1066289833157aec7429ba9962fa98583bdaca9f8c810b5140e3b35ca7
fixture-transpose-J9-all-s43.csv,493,ee36ed1066289833157aec7429ba9962fa98583bdaca9f8c810b5140e3b35ca7
fixture-transpose-J9-all-s44.csv,493,ee36ed1066289833157aec7429ba9962fa98583bdaca9f8c810b5140e3b35ca7
fixture-transpose-J9-extreme-s42.csv,493,3feace8ff7039259ea10aea22780c09ba24e00adbdf16f15b109302292febf02
fixture-transpose-J9-extreme-s43.csv,493,3feace8ff7039259ea10aea22780c09ba24e00adbdf16f15b109302292febf02
fixture-transpose-J9-extreme-s44.csv,493,3feace8ff7039259ea10aea22780c09ba24e00adbdf16f15b109302292febf02
fixture-transpose-J9-none-s42.csv,493,52b875ec53e7a51681310b23726c3359548a0165f3929e0e7c64266ea4dddd1d
fixture-transpose-J9-none-s43.csv,493,52b875ec53e7a51681310b23726c3359548a0165f3929e0e7c64266ea4dddd1d
fixture-transpose-J9-none-s44.csv,493,52b875ec53e7a51681310b23726c3359548a0165f3929e0e7c64266ea4dddd1d
fixture-transpose-J9-ordinary-s42.csv,493,01ea3e5e503659f13e19b4986d742d3b30e5eb65fcb0bfc88db631caf58c6207
fixture-transpose-J9-ordinary-s43.csv,493,01ea3e5e503659f13e19b4986d742d3b30e5eb65fcb0bfc88db631caf58c6207
fixture-transpose-J9-ordinary-s44.csv,493,01ea3e5e503659f13e19b4986d742d3b30e5eb65fcb0bfc88db631caf58c6207
fixture-trial-id-199-delta-0.1.csv,580,88d6615c3f68cede5c4ccd6f88066ed00c7123ce25dbe52b5791e190914294df
fixture-trial-id-199-delta-0.2.csv,580,262636ff96b48c8a7646ce7f285c6682c2c02e3b301fa029c9e137f080e10875
fixture-trial-id-199-delta-0.5.csv,580,9948b74ddd71a87db18060faddfb3a088ccbf77ade19fb639f40ae5377503f7c
fixture-trial-id-199-delta-0.csv,580,aff1c5dc7fe55ef0ab8e5e49add932697c8bf2b3aa4a1ec8dd0b4c512e6d0230
fixture-trial-id-200-delta-0.1.csv,582,626cf20e3a9a75e65ef3ef4ab80150e270b319eb57b9b6659ca38a7762c151ed
fixture-trial-id-200-delta-0.2.csv,582,03e0cff2ffeb00ab8dca5ecb782fff4cec4af614337b26661ba4e48837db52ff
fixture-trial-id-200-delta-0.5.csv,582,ad0d011efd33e62a965270e7366d2f666f0ca6c5ea5a96b5ae53260cf77ad45a
fixture-trial-id-200-delta-0.csv,582,1d36e3ce943504725f6473737a7bfed2c211ca068ca1acb20b31de77d0904897
fixture-trial-id-201-delta-0.1.csv,584,197a8b91a3b0af106d5ecab1401922b83c347ae29ca595715583468f51c7be90
fixture-trial-id-201-delta-0.2.csv,584,990ffed8a529946509ed3cec5a3e0837a8004fc4e0a3a1025cc5849f37c3ad63
fixture-trial-id-201-delta-0.5.csv,584,91057982c141e79eb05eed08ecae790d958a67fdec3ade9e677d423bc9fe0feb
fixture-trial-id-201-delta-0.csv,584,09249a97580718d26c93bdcaf1703ef43513f6876b33ffef8d19fb81d379fc50
fixture-trial-id-240-delta-0.1.csv,662,90841654b3493828dc35e29dca9f2096ec82ce1886d3e2ed74d38dcb40dfd13c
fixture-trial-id-240-delta-0.2.csv,662,4e454289312e6ae2b67503e150ecc63ecd300f0ffe5664fc11e853466255e5ae
fixture-trial-id-240-delta-0.5.csv,662,bcc661591241a93030b28164f186041e58845505e31258568718a218f402a64d
fixture-trial-id-240-delta-0.csv,662,f8a466b5798535e66b0b4144939782820b60c42f55130438faffcf265513aad2
fixture-trial-id-namespace-same-id-control.csv,640,4c86286a084ec2bcf30e381e8296165febecde118122eba18d9a862d36ace4c5
fixture-trial-id-namespace-short-control.csv,216,7439ea792d74f8e5ad141f2b8d53aee78c064649e13b2310dca0e5c69e94d2d2
fixture-trial-id-namespace-template.csv,1041,c692508ad22a06cef47812043acbf06bc6b9e07a1d586d69880e05b89c611215
fixture-trial-id-namespace-wide.csv,609,c84e3d63f5cae976102b3c6c7e2b0cda43248b2c0641520bbe21b0d3f0e4d806
fixture-trial-id-template-201.csv,991,d338ec44103cf667d23f325502c5238d0cd56d9a2460b0c53b2a6f815d488f2d
fixture-two_by_three.csv,122,78c5ede8e298365385707048a88e42718f074c65c04cf8dd36898c8f2eec9062
fixture-two_equal.csv,111,094ffc42b91e241f7ca37cb4804b2c16fddde117d230892062bec4f25b00ca0f
fixture-two_unequal.csv,111,a2e30d859903315c3f6b18f4e96222f8e017abc160864d4ec296b199cffe0892
http-all-excluded-trial.json,1349,a302a04567cf8e329998bbd51651cb4cd9b7c0f8fb495298579944281c327a1f
http-analyze-trial-id-200-delta-0.5.json,2718,75dcb23601108ccc8df56372e4a892551848c2039234bae7f795773a86d921b2
http-analyze-trial-id-201-delta-0.5.json,2702,9c71402a3ea19fb1fba4e9c0d36ad752890c007ab94988d315758bf970468294
http-analyze-trial-id-namespace-short-control.json,1264,2e187903b53822ba72583fb9e7c43069119e281cd3c067550ad6a7cddefcdf4d
http-analyze-trial-id-namespace-template.json,2820,6af0e20ec733e4c4f541fa6abe14eb8eed0652633109b5275dc71dfb1744048d
http-analyze-trial-id-namespace-wide.json,2138,4144c9429eca7524c531b53dad3cd697f9d25d0817f9312d8019a4904cf03df4
http-analyze-trial-id-template-201.json,2714,bea8dd2eeccedf1db5923ceed4f91f6d41ea66a0b7fc679d696ea4979feb11b5
http-http-duplicate.json,553,5c6cc897d65a6f2332cd63276692298520d7048c694adc83fe46b551e93a657f
http-http-identical-headers.json,551,e5b61ed56d3a57bbc46efd9faccb7f02c5e7189954206210e6de0f478d5abbe8
http-http-partial-trial.json,522,d469dd94d1504ebb6615e83f4638de4b9c2acb829cb5d3983e43aeef56212513
http-J14-baseline-seed42.json,3413,6f39fce0d60b91edf26b0498bcbdfe11d748bc35b7de4ab4a5f878f86d1a3167
http-J14-flip-extreme-seed42.json,3417,0a92f3b8ea6a735de46c4f45a3733d96adb0ae5c39ab209973c4412c42b0854a
http-J9-baseline-seed42.json,2375,461b2c1f6255087431b1a3957bc58309df718f24a8992bd07f999666622c7eaa
http-J9-flip-extreme-seed42.json,2379,7dfc4208d9d51c6a3bc6bc223c3a0a0aa3e64c4fe6dd110ebcb2911448e8b1c3
http-parse-trial-id-200-delta-0.5.json,1288,1c7ed6fb6ddb85f3ef792aefc66feb5436f1085f01bda48052b50b9e286c5e83
http-parse-trial-id-201-delta-0.5.json,1280,c4761b7ba795953f7f7b2f220afc0321654f1dc93c0561ba81ad2c023ac160de
http-parse-trial-id-namespace-short-control.json,566,ac4804f747c22f329bc7fc5eb986c6a5a301fd40298cb0bf1db580350a10b2ac
http-parse-trial-id-namespace-template.json,1328,a5d3eda3a8a761f21835bec4e656418deb8523514a813adfa9eec85cd3fe624b
http-parse-trial-id-namespace-wide.json,1281,60bf677981a4c9d67c5cdb924e5a6040388963eed249a158beb754da482f9b79
http-parse-trial-id-template-201.json,1272,d9cfc20c3e4a581c0b2a389455868406550597c0c324ff8d29db17997de0426a
http-route-summary.csv,470,853e6b2aab61c039d2869c43e1caae3a3ef11295e0acac5f75e1f3c625f9f723
http-routes-complete.txt,44,811c12cfea996ba4db42d855bf78683713528fec290305dceec92c6d838549fa
http-routes.R,3432,eeee3ade00989871bfc5b7172679823b4cfa0738e76ca3a130469b55ff93c0bf
http-symmetric-null-complete.txt,34,83264e8d2c0fe0d11dda8eca6155564425a31a0588297486fd6d856c4647b50c
http-symmetric-null-summary.csv,220,8b746765cf2a8f1fdf2758b248cd978cae2eb707ca3f487e232ef0afb0a5ec5c
http-symmetric-null.R,2174,f74eade4ce790eb7429d6c2f9562dd196dee0e23bdd311a0d2d7feb8211eb276
http-symmetric-refined-continuous-J5-s42.json,1564,978374e7c9b848696c4976979b550230dbe01912dfe9578ea693461477cd209f
http-symmetric-refined-median-J7-s43.json,2165,f4659d42cfb12d673e1fb4f4786b2bcd973f6d5cea6bf77ef847724d0f978cd9
http-transpose-J14-extreme-s42.json,3419,aa77c9914942c65db903f80206ca2da8e4f8a3cf7f6058f79844946f76344476
http-transpose-J9-extreme-s42.json,2381,943dd3e39320af91042f93faf70f050abdb04bd11bba0a1439ab8a5c8b845a12
http-trial-id-complete.txt,34,83264e8d2c0fe0d11dda8eca6155564425a31a0588297486fd6d856c4647b50c
http-trial-id-namespace-complete.txt,34,83264e8d2c0fe0d11dda8eca6155564425a31a0588297486fd6d856c4647b50c
http-trial-id-namespace-summary.csv,459,285d7027a5802c56c36152c8f50b7b0e36c0db9e07d3f4b8dcc56124341433c2
http-trial-id-namespace.R,2159,e253dfc3816e2cd305d8739acd9555b8a0eeb891984eadc0de91c9153b0b5a7a
http-trial-id-summary.csv,425,bd7e07afce23319873559eb806cc0593e5c4901cbc6a210716a89b7df4b0b0ed
http-trial-id.R,2122,87fe1ed8ad86dae6bf0aaebce00cf055d745b778a324d75bfc73ea15acf97e62
independent-comparisons.csv,1227,d9c7c3c39f5d16e646128230f64af7005d961289abfa927e7c0979e134550ec0
independent-complete.txt,39,0ea2a42c927d9b8c403c8c7d4365666ba00ec17da9f179ffc3818dcd5e6e4e4f
independent.R,4706,e8d2b56138ec6c49e379d3d93fd2ca13b32b0129423650c6356fb01a65f94b52
invariances.csv,350,872510a241cc91ce1e5b15502cd66a398ce5ca97edac8bfea329cf8c19042aa0
lockfile-comparison.csv,3955,4ac1a649030d572b3cbf26156a1028feb3d965f3d698c48b03cb14298fa011ff
median-reference-comparisons.csv,462,802d71270467bea4c20187ff0c0248f7125a93aa53dff5dcd8c60d9b802fc776
median-reference-complete.txt,41,b2bb3b72da7a9c6960b6262a1377dd554eda512823b48a16b02790800ca60d2f
median-reference.R,3632,cac2fecc86095ab5f81cbfc6cf7b5d17424bcc889203ef459a3f691fb728a165
multilevel-comparisons.csv,3170,061c977b33ac6d722e76194f07f62163e79aff7f8abb94357800a198f13d4044
multilevel-complete.txt,10,9ff1646934211cb19e0046e5d46cfe7a8cc96f2a0aecd1d0b7b67c5d65c789f0
multilevel-laws.json,13782,99df1ccf8276a3a94b9eb0544c1f7761d294e39695890d981640c6cbb301c39a
multilevel-permutations.R,3440,2b1fa6aa679e372f5b1541330bebacd23f5d7d8486fefb50512a105cdc88ac4c
nonpartition-count.csv,90,f65d5e023e83bf36b89e33718a75d3925cdf55799059f9edfd82d5082039070f
old-target-comparison.csv,580,bda631a245263a01e401084f1593dfd031887999f2659a1a33266e26c2a97f03
parsed-trial-id-199-delta-0.1.csv,1000,604e9e3d72f0f3b44980e287539c437a87eed3991e727a5a3c751a70c8937353
parsed-trial-id-199-delta-0.2.csv,1000,e63833103e70b561f514aa436b6362f82afd287399b94e274c14272903a6619b
parsed-trial-id-199-delta-0.5.csv,1000,6bb7b209bb5ea5343056a9650c3304755bc4d433919841650c61daa55477b7fb
parsed-trial-id-199-delta-0.csv,996,be51a25c2e13f04a7697f4f35ce3dbbbc956c15afd321ca39daa539da27579cb
parsed-trial-id-200-delta-0.1.csv,1004,075e5fa93534786661dd7412d7b75871ccce8803c2cdc83609ab92b12ebe1ff8
parsed-trial-id-200-delta-0.2.csv,1004,5182b918fdec559427201911652d2e135bf38632cb5cf832cc4c2a3aac91e04f
parsed-trial-id-200-delta-0.5.csv,1004,0096c7ce1947a2fc9f0a2a5861d16e56b5e0a6eb4fd0ca1a2ded1ecd34ba7778
parsed-trial-id-200-delta-0.csv,1000,590f635e5ef54e1d6ba9d751a8b5dbb2ef205c88be4550795faff98a734ade22
parsed-trial-id-201-delta-0.1.csv,996,4a6bba56028869369c279028e40a81a4d0965f62134f50726120b7cf924a7906
parsed-trial-id-201-delta-0.2.csv,996,5010de83f5c2dba222a9f516c043aef909db675fe538e545bf40c56f53641c05
parsed-trial-id-201-delta-0.5.csv,996,0c2640e56adcf141f38d3bb52e0a0ad52fe586d9d0e36ac9b07a40dad104d6a1
parsed-trial-id-201-delta-0.csv,992,9b2aa7cd8fb24d22999ff28397547b59f02082b37b61771b08d62d3a93ea1208
parsed-trial-id-240-delta-0.1.csv,996,460777c24d616090c1be7112fcd4c8c104f1e6f9659845033f031b251e1e336e
parsed-trial-id-240-delta-0.2.csv,996,37dc00d87be797932e5f289aed8c4925ce07f93389143f1022f2a2c625801097
parsed-trial-id-240-delta-0.5.csv,996,a2b1ffa9191624623cc23381aaf17e19e2bf84e4afae7f24178e59b7bb8e03ed
parsed-trial-id-240-delta-0.csv,992,8e436c313dd860a50aa7d42618cca7eadef80f5a524be16b2e972c096d706021
parsed-trial-id-namespace-same-id-control.csv,996,2e454a5e1ae7d86f235c96ddbaf37ebb5feac7882e5a2b8f8022d0cb36b21da6
parsed-trial-id-namespace-short-control.csv,272,15b74803a42dcb5cc6b61f67806be75d299a4b986ba5a7fb13aef27e43ee1605
parsed-trial-id-namespace-template.csv,1057,415068eff6c9234c6d618301fc9da487480d76f0b0e14148f9d57188e0769582
parsed-trial-id-namespace-wide.csv,996,2e454a5e1ae7d86f235c96ddbaf37ebb5feac7882e5a2b8f8022d0cb36b21da6
permutation-checks.R,2062,f79cae72776c2b1319fefbe1ce487fb85991b4f9eefa4194d4e580b0ca2eb5f5
permutation-complete.txt,10,9ff1646934211cb19e0046e5d46cfe7a8cc96f2a0aecd1d0b7b67c5d65c789f0
permutation-results.csv,2483,650ba2e9f0c9d30a1dee2de019a3b3e874fb4bd38cd8f1ca607e6eecdd202c38
pool-boundary.csv,487,3c9637cc8da4070e35fdddcfee5749fc0f2db1b7a7b87468b67e4f16d9002c7f
pool-expectation.csv,310,127f7f628bc96291a6a90037d100a46acfedbbb78009a207277baa0ccbb926e9
python-runtime.txt,89,dc8502bec8ded79dcb3367024e411044bf04c799b90a0df3a146316d09cd9b5d
README.md,8122,e1b87382ede6de187abad90d4de508b19ed1f7f35a056abbc3b5f9f152084a5f
regression-adaptive-m.csv,941,deabec96d759c06900f120e2b01bd2ecaf62847c98494d3f9a46728ea632f634
regression-api-flags.csv,508,04efe49b5710268fa013c21012d4491634c697d29441f8b2d6f03b407e8c2c4f
regression-api-service.csv,3743,d13d98f6e2666082b7b6153718d11ad68907afd3ae723b9f26cf6d4e654474c9
regression-api-structural-issues.csv,452,fb05896957662af4d2c68b02f3e1886c3b27237d968ac4e7224c8af5abcee6ee
regression-app-pipeline.csv,649,0892ce9ef3cab777f09d3decf799534aecc05f682607cb8caa9e0183f7d06f64
regression-audit-2026-09-09-f6.csv,687,401ea64eb9f06b3fdff6f885567321d4f626da3e960ac8ecd7fa81d0b3ef4152
regression-audit-2026-09-10-f1.csv,439,6943772f5e8e6307e14862ee5342a705c801cba43f255bd7fbf287c3fc1d0469
regression-audit-2026-09-10-f3.csv,519,1449d2352666b0af743d1ddc9ae8e9612e56fe180c9c221238eec0ad23313cc7
regression-audit-2026-09-10-f4.csv,333,aba0e2f427b8ed727dcfd8fc0cbe361a9e66164973b5cb817c0246cdd38f0172
regression-audit-2026-09-10-full-f1.csv,673,23aca7bfcc1b3ee1c97715db6f2f2e2a1338b6d8a1a7b21595954682135547ad
regression-audit-2026-09-10-full-f2.csv,457,1ede0a08bed80989a782183247b3d534cb7b2dde02edf1f69c6819958a40694d
regression-audit-2026-09-11-f1.csv,825,6426e4d7363600b3e0ce33405337fbb2ecb47a0912dc12b74f2e95aa9e97ce25
regression-audit-2026-09-11-full-f1.csv,832,e856df341612d30593f00d9bfb01f5e3480e8901b88d3e38cb46470708dc4fc3
regression-audit-2026-09-11-full-f2.csv,480,d53d6a7d62851372f99e7d720f5e051c21b11eb1fad10986c5210aa604194e9b
regression-degenerate-categories.csv,371,92da5ec4bc4dbd3a2074e848a9bcbf9d0b3b2d3f75cede03b9ab2c6e02f07118
regression-dispersion.csv,1474,ce98115ff46c1a094e2b5345ca343e0fda8631f83ed2e22f99bf0c0994220918
regression-exceptions.csv,461,eca6bf0ee27f600f59fbf1605d767915029211f87e863185c22db7715014f83b
regression-failsafe-table.csv,1540,fd6e0bbab9e9f38f46b5d6633b771b1fcdd5bc8be1e8bde16ae68ef2d9ec6500
regression-input-contract.csv,929,f51daff8d4ec186da76f0261ccd6013079f027cccca90389938751223ecc6e02
regression-known-answer.csv,533,dc048ee2f265c534dce67348c12163bee6fb790403790fca9df213f48203bdec
regression-median-iqr.csv,692,f28846b53d1f39499a553f51645675bfc6b317705f3970d3d0003c1ba9d8e758
regression-numeric-resolution.csv,652,c623e2a9b1ca1c2553c2663c367f17509b5e3100065ba1c5ebbeee3e4cd1e89e
regression-pcalc-direct.csv,559,e3282bb82617fb4f1069f9e8c74644eb81df8e20ee6647e5592aa401d57ed515
regression-quartile-draw.csv,887,17a4c93125f2ee23791c22fcf340bcec2a9c5f9e7766b359425d8bd7c2f3996b
regression-quartile-precision.csv,666,93caca6e43338ef83ee1ad72ea36f920ac8ad83c89910a1849395960452468f0
regression-results-workbook.csv,254,db766c41df0bd5878e07dab9ac2046969fd37a155842de10f8287b1e76d69276
regression-screen-2026-09-08.csv,1385,a8cb2d3e6333e9fe5d1bc52c0a13e73f9205e0a495519bc62025b60b67ca78f2
regression-screen-2026-09-09-1532.csv,720,2c96e25adbf8de17f488efb57ba9e3ee81c0cc66421214919ef8c5ee669a2873
regression-screen-2026-09-09.csv,1197,d2e90a7450be177f0d49eb96dc552f1dbc10e172ad99032c7dff23b2ab3c0e1c
regression-screen-2026-09-10-0536.csv,796,bc2414dc58e813eda2f5c6fdf48da167e6f5329fdd0ac60c4a47c440febfa042
regression-screen-2026-09-10-0633.csv,403,c1e1dbbd407b330b8df1c7e008eba0e76a170efa949930ff98e4c17426fe3643
regression-screen-2026-09-10-0734.csv,402,6a71c03674226c6b6120b6ce11db36f1e81243f3659af19baa0130041449ff74
regression-screen-2026-09-10-0815.csv,667,1edd3f85ad73c2a09c1b1657eb42649b2f5b825c60f67aac10a7d07628d7a2b1
regression-screen-2026-09-10-0858.csv,307,e9c47cffaa25ee5d312b22e76012b3d8ed9cfa7415b5980d817c455f382e5a22
regression-screen-2026-09-10-0923.csv,395,ed5eb3e8201de64b4b8bf486e91652b542686e32e02febea2738cd36f567a8e0
regression-screen-2026-09-10-1119.csv,482,acdeffd1968dd4c97fb83db0c98692e4fc3089803c8a9be4e81b650bb2f810bb
regression-screen-2026-09-10-1143.csv,619,f947f8901b16308c128bfae7a68093b40674329a4e18d0b812872a6aa5f07caf
regression-screen-2026-09-10-1222.csv,368,bedd650c9b824fde4a7ec6baf4345269f6700eb02bf2864b09edf7028d3e5f04
regression-screen-2026-09-10-1523.csv,609,e958e57f3c78a3128af912baf86640235a49475b5456074e8287f8ad38fea560
regression-screen-2026-09-10-2100-f3.csv,340,726ebf7f65254ade849a2907c1596a96d308aba03322165358f9d1dbd221f11e
regression-screen-2026-09-10-2100-raw.csv,362,13a1bbd89e7736af9655ad4ab34df3b24afaefe07b1573e248bca96d7c882530
regression-screen-2026-09-10-2149.csv,489,ec8f538dbfdf997af7dcc8dc6f2e7a820b0ea68193698e8c5aba81ce0c17dbb9
regression-sd-interval-cells.csv,452,68e72b2f3748f0773eff9061690a4104b8683e9f686e7461c10d84e97986a676
regression-sd-rounding-draw.csv,923,14801af0485f2b713c0e0869a9c02fbdca2ff616b130b408aca761ccb4b885d6
regression-security-2026-09-10-s1.csv,462,715fc0198c57683f1ce9361c828d7f3095c11278448b806784044748c4720644
regression-security-2026-09-10-s2.csv,365,1eb601a4ae7565a72eca58216ce48f2164587cc4a619d97d4f622d9db89672b6
regression-seed-and-ranges.csv,1095,020d620e37a44263eed7148956f326df7a41a04a9dbd30d5c6dcdec8e1c4e79f
regression-summary-kind.csv,417,1a3e77fdb7336c29064d7bc33275ad7e77a69606b28a0ab4ce72263096645338
regression-summary.csv,2063,719dc0a64b92371c48dcbf67aca93923fb599c3f1ad5916323a1310490dafd67
regression-text-precision.csv,1576,fabbe1fb0b889e464e510ffadbfd36aa3ecb394934f746e09662f690a34bbf98
regression-tie-criterion.csv,555,a2b01e2743d7d258a57e9bb1d7f33cff3adc78f83a3fe930a083b9091cc13fdd
regression-totals.csv,92,ad10cdaf32b84246ebf954d242bd8949fa3ac08cbdd138ecd7fba38f7e5dfe99
regression-validate-rounding.csv,461,3844b499fc101e5211eac7753cf66ad84a35e937b1fe596886f48c56807d9990
regressions-complete.txt,43,19485a776016f809adc76250686f84db2d001445f3c05b3f8dc73a70d7acf1db
regressions.R,2858,3baa7b5abe1a6805b166552da807810576346ce4f2e999afbd7053c75d77132d
result-arm-key-continuous.csv,223,fcbdc3fa342ed9d5b0330909b6b112ff6df47e950261e20883dbf8f32b3fae6e
result-arm-key-direct.csv,214,e36392c87d813f2ed5381f699225634c58077aeec318506b88658bb8abf90d03
result-arm-key-median.csv,248,b1685db9edad79b881fcac8e8adfef4d80d5294ffb6a56a481d1aeab6b8b6609
result-combination-15-0.csv,1149,9dde1a258b6510fd0d14d55c11326eead8a31a36c72ca5ae6b64a741f5cad091
result-combination-15-1.csv,1130,2c1764381361fe867bf24d83d8caf099d09a155aa0ff2324f0b31d78f9fe25b9
result-combination-16-0.csv,1227,9eee008d76980b6e9bb2483a04db42ee6286e9603defe4d8de7f18debc3b1b4d
result-combination-16-1.csv,1201,cf95e7d025da09acde94e56f883510ff78efde29d0e4aafdc1fdbc8dda6c1256
result-combination-5-0.csv,457,3a57589280adbbff55fb5b16d0921d64229192770a679af7b7fc3c017f77eca1
result-combination-5-1.csv,434,f8e40ecefed1cbfe1f60391ebdefc82ac34bd4839c635740b099b87aaf823aa2
result-direct-mean-grid.csv,386,3c9acd596d6baccc3f362915a6e82a060fc27b885f22ba36f7e42fc7d97ffb5b
result-F-direct.csv,200,d8e0ef1ff83dad02b63f0f62e3e7394ce61a156ab2916a41dade7356975d83a4
result-F-small.csv,185,6b57c061dba94ab922ce751de2d6db3708599269097f2781134db248f88eba21
result-F-three.csv,194,a0e3beadfd8e6372e31d21ea6ffa0429f7fb20a20715937d61c185d67bdc5253
result-F-unequal.csv,192,3b1085825ca775c636dc41d2f0bc39b24646480c85bc16e76e9e049cfc2ac213
result-four_arms.csv,185,575d2f22e45dadddce46af3e7f33125c3f8bef84cacb7feec8ac7a4865eae5b2
result-J14-baseline-seed42.csv,1072,58daa8c4fa350762d45fcef91e0dd4d4b34930aa68fdf52e1daf225cc2c65220
result-J14-baseline-seed42.rds,731,c023c2dee7fa0a734882a0a5f392ad4107ddf34959a5b324f7855496d14903fa
result-J14-baseline-seed43.csv,1071,33dc2f43fd6c13f28d662a186fcd2d221d0e1e78ae49190a1210f56e6c67a89d
result-J14-baseline-seed43.rds,722,5092140d76d3d95d2b7401ee0c5c0ccae5b4067f37285a675dedd2dfaefc631d
result-J14-baseline-seed44.csv,1069,b3f97c054f11b77f9dd8e3ce16909862e97592eb708e7f575cc8ca6c5a8af831
result-J14-baseline-seed44.rds,726,5a59fe0c2d52bfa37ef86eeeccd7f250c28a91327617b77dde3c00af67377824
result-J14-flip-extreme-seed42.csv,1072,58daa8c4fa350762d45fcef91e0dd4d4b34930aa68fdf52e1daf225cc2c65220
result-J14-flip-extreme-seed42.rds,729,a1ab4b310d87d8e62b31595c62611e08f2f7dd55884ffeae572cdb992d1b614a
result-J14-flip-extreme-seed43.csv,1071,33dc2f43fd6c13f28d662a186fcd2d221d0e1e78ae49190a1210f56e6c67a89d
result-J14-flip-extreme-seed43.rds,721,3c9edac049ed0aa4449214728dea478f05de1334e0955ef899c74af53eb7343d
result-J14-flip-extreme-seed44.csv,1069,b3f97c054f11b77f9dd8e3ce16909862e97592eb708e7f575cc8ca6c5a8af831
result-J14-flip-extreme-seed44.rds,724,93b64c744489e82112f1ae3eeb8eccb9ef7b502091dd0a9cb0043244d9a9dae2
result-J14-flip-ordinary-seed42.csv,1072,58daa8c4fa350762d45fcef91e0dd4d4b34930aa68fdf52e1daf225cc2c65220
result-J14-flip-ordinary-seed42.rds,740,a2f5a3e94275c89b00fc8444fd8c4f25465d4db0ecce5b0f62474cd9ef7a5484
result-J14-flip-ordinary-seed43.csv,1071,33dc2f43fd6c13f28d662a186fcd2d221d0e1e78ae49190a1210f56e6c67a89d
result-J14-flip-ordinary-seed43.rds,731,4a359a05d6d213f30d5450b1094f6e6ad49dbb0f37b0a80bd7d295fcd17e43db
result-J14-flip-ordinary-seed44.csv,1069,b3f97c054f11b77f9dd8e3ce16909862e97592eb708e7f575cc8ca6c5a8af831
result-J14-flip-ordinary-seed44.rds,735,c530869935ace514b43b4c96f5860039940c3bbb8eacff140ee1f70eb35c948b
result-J9-baseline-seed42.csv,710,23fb067a248d40273b8e0a395594b26cd70fc04f758ee0b6ffbae67eb9314e3c
result-J9-baseline-seed42.rds,652,054ba24142429f399c3de2da92e9ca2e5e6831d17d07be2e6d18a41d6fd588b4
result-J9-baseline-seed43.csv,712,ecb5f276c93dd3a345d4a99b17c1ead12e4469e1becd28629ab38171b297bba6
result-J9-baseline-seed43.rds,646,5009c54cbcdc1991cf72f9ca123b03fc1d80ee1ca6e583be4d7f1530d4a9c52c
result-J9-baseline-seed44.csv,708,9b22f85dca6c6a2adf063a4f96f6c886e5e49c79eb01802e07389520d91af55e
result-J9-baseline-seed44.rds,649,764a0d3327d14c116f984cd62918f1bcc5fe251674841d46b0d10e061868c23d
result-J9-flip-all-seed42.csv,710,23fb067a248d40273b8e0a395594b26cd70fc04f758ee0b6ffbae67eb9314e3c
result-J9-flip-all-seed42.rds,652,95418b68dccc72dcf7269605c4748b160df095ffe575bc73d97d993601d3399d
result-J9-flip-all-seed43.csv,712,ecb5f276c93dd3a345d4a99b17c1ead12e4469e1becd28629ab38171b297bba6
result-J9-flip-all-seed43.rds,645,2d60fe3bf58c415dab54c109d033cbc5dd7bc33f6cd9294d62254a0a0d12eb33
result-J9-flip-all-seed44.csv,708,9b22f85dca6c6a2adf063a4f96f6c886e5e49c79eb01802e07389520d91af55e
result-J9-flip-all-seed44.rds,648,e8fa4a3235f8cb898ce4178502a8c893602cdf4bbeea5b0b9c65f1c244a528b3
result-J9-flip-extreme-seed42.csv,710,23fb067a248d40273b8e0a395594b26cd70fc04f758ee0b6ffbae67eb9314e3c
result-J9-flip-extreme-seed42.rds,651,f7ddd17fca9d9d5bbcea7f4248aa281f8732eee2c377f50d18ca8b2354ae94ca
result-J9-flip-extreme-seed43.csv,712,ecb5f276c93dd3a345d4a99b17c1ead12e4469e1becd28629ab38171b297bba6
result-J9-flip-extreme-seed43.rds,645,5bc30b3b25284c35bc8f9cf9abdb98d5fd8a1215c19d1a80a6c52d951d956abb
result-J9-flip-extreme-seed44.csv,708,9b22f85dca6c6a2adf063a4f96f6c886e5e49c79eb01802e07389520d91af55e
result-J9-flip-extreme-seed44.rds,647,68ba092a91381f1b61abed403d02508eabc43d71882a70f1b69e6e2d72cf7d39
result-J9-flip-odd-seed42.csv,710,23fb067a248d40273b8e0a395594b26cd70fc04f758ee0b6ffbae67eb9314e3c
result-J9-flip-odd-seed42.rds,670,27db2d133bbc076e216e8d9dd78499c2b93a9c3fb53cf6e649c8795e9c09bdab
result-J9-flip-odd-seed43.csv,712,ecb5f276c93dd3a345d4a99b17c1ead12e4469e1becd28629ab38171b297bba6
result-J9-flip-odd-seed43.rds,664,d4aa2553814df6479ebb1d8b22dbaebba7c850924231e62331bf13b3c51f4b2b
result-J9-flip-odd-seed44.csv,708,9b22f85dca6c6a2adf063a4f96f6c886e5e49c79eb01802e07389520d91af55e
result-J9-flip-odd-seed44.rds,667,c0455ef329743507a4b80d87cc01a1372a50e8633cd05592b9436334a1bb5d81
result-J9-flip-ordinary-seed42.csv,710,23fb067a248d40273b8e0a395594b26cd70fc04f758ee0b6ffbae67eb9314e3c
result-J9-flip-ordinary-seed42.rds,661,9908f1ce4a045cc5699b52de91d5e2a78a148f87c241634fcd1084b02fd5bfb9
result-J9-flip-ordinary-seed43.csv,712,ecb5f276c93dd3a345d4a99b17c1ead12e4469e1becd28629ab38171b297bba6
result-J9-flip-ordinary-seed43.rds,657,43f5ea56ab4a0f1375565e0ac82a24324e7a648e2575f5997d27d1cbd91dde65
result-J9-flip-ordinary-seed44.csv,708,9b22f85dca6c6a2adf063a4f96f6c886e5e49c79eb01802e07389520d91af55e
result-J9-flip-ordinary-seed44.rds,658,2ca116efa522cdf1dea8aec76775c8d1fcb115f5c1e84c87ce4f46d24d653a8e
result-median-asymmetric.csv,190,6765a4300c5a94a68fc893ced6a2cc9585843a2d1fd0e4fb629bd3dcb7381693
result-median-clipped.csv,439,23fa7203cbca2754ea7eb4a964211b448f86f8e42026d94ccb0c29a2aa7e3493
result-median-symmetric.csv,190,471a5817c943efaacbbb6694538cc8b9458a568fd4b7af5a1b542fcc92ae1838
result-multi-three_by_three-absent-column.csv,274,c207860b50579b7cd0fd3bfb65109411b34f8c166cc6709f5bef5e1ba5310055
result-multi-three_by_three-arms.csv,272,7c3bb50a366dda5e692ee1350811b0bcdc3bcaa4efaf73d8997ea9761ce5ceed
result-multi-three_by_three-base.csv,273,60e8e0c7aed1631c61d36e7db128ed70ffff2ab13613b6e72bb63a6da2ecdaf4
result-multi-three_by_three-both.csv,273,be47f0861ebc2cfb92571bb173f2e13ac90a7f45acd32e95f993a7d2ef067ab5
result-multi-three_by_three-categories.csv,274,c207860b50579b7cd0fd3bfb65109411b34f8c166cc6709f5bef5e1ba5310055
result-multi-three_by_three-disjoint-names.csv,273,60e8e0c7aed1631c61d36e7db128ed70ffff2ab13613b6e72bb63a6da2ecdaf4
result-multi-three_by_three-zero-column.csv,273,60e8e0c7aed1631c61d36e7db128ed70ffff2ab13613b6e72bb63a6da2ecdaf4
result-multi-three_by_two-absent-column.csv,588,293c35aae866137568d11d7075bd335110856dd0d7318a13115c85723ad98b16
result-multi-three_by_two-arms.csv,585,30ee5c9de7ada30067763ee283c5dd7d17e25b5ddc410fcdf186baca50b5405a
result-multi-three_by_two-base.csv,587,693fb754775fcc813035f380b56749244fd27a756352908000f295de101e5cf8
result-multi-three_by_two-both.csv,588,431803d9075ee05828f0a8b1a25bcfebc850f959f5846862771608227a1f0605
result-multi-three_by_two-categories.csv,588,293c35aae866137568d11d7075bd335110856dd0d7318a13115c85723ad98b16
result-multi-three_by_two-disjoint-names.csv,587,693fb754775fcc813035f380b56749244fd27a756352908000f295de101e5cf8
result-multi-three_by_two-zero-column.csv,587,693fb754775fcc813035f380b56749244fd27a756352908000f295de101e5cf8
result-multi-three_equal_arms-absent-column.csv,272,364176fa870a73d6dabbf779a9521f4d1d83d765108418965859e19d2a49aa98
result-multi-three_equal_arms-arms.csv,271,fa2d6cdbce0853e3ede0eb41fa474ba68638d5db1c5691712ec0902090556e92
result-multi-three_equal_arms-base.csv,271,fa2d6cdbce0853e3ede0eb41fa474ba68638d5db1c5691712ec0902090556e92
result-multi-three_equal_arms-both.csv,272,364176fa870a73d6dabbf779a9521f4d1d83d765108418965859e19d2a49aa98
result-multi-three_equal_arms-categories.csv,272,364176fa870a73d6dabbf779a9521f4d1d83d765108418965859e19d2a49aa98
result-multi-three_equal_arms-disjoint-names.csv,271,fa2d6cdbce0853e3ede0eb41fa474ba68638d5db1c5691712ec0902090556e92
result-multi-three_equal_arms-zero-column.csv,271,fa2d6cdbce0853e3ede0eb41fa474ba68638d5db1c5691712ec0902090556e92
result-multi-three_larger-absent-column.csv,291,3549152a1e56b1ef5b11987827429eb06cb4463e2977cac5bc6064c2cffd8866
result-multi-three_larger-arms.csv,291,49636ba04e83c3edf25bef30dc79cb6d0de66f55283f38555e171776e3f25480
result-multi-three_larger-base.csv,291,45578a183f7c577a0f64d7b65a8b5dc4d801e4f71406d8f73f7af0929e6c091d
result-multi-three_larger-both.csv,290,0acff61fa2f27f79bf6d72d1f7dec5e42fbd1aba3170fb662946bd1b711e5da7
result-multi-three_larger-categories.csv,291,3549152a1e56b1ef5b11987827429eb06cb4463e2977cac5bc6064c2cffd8866
result-multi-three_larger-disjoint-names.csv,291,45578a183f7c577a0f64d7b65a8b5dc4d801e4f71406d8f73f7af0929e6c091d
result-multi-three_larger-zero-column.csv,291,45578a183f7c577a0f64d7b65a8b5dc4d801e4f71406d8f73f7af0929e6c091d
result-symmetric-continuous-J14.csv,1057,e59ec547736b9e5036975f05ca2fad55bba16522d520f787325d13234ad20d06
result-symmetric-continuous-J5.csv,426,35d5f2048549f867ee80b2954030f79f2a99467ef5bb39304a875f6f8dae60e3
result-symmetric-continuous-J9.csv,699,49b208c714f17e4233edd11dabde7a012c4dfd9171635b924b36f805ea1abf24
result-symmetric-direct-J14.csv,1058,b3606bdb7a53bfc5eaaa2f3d35cd3f36e0e95a9bc2ddf6704bd1dbd88f63ab69
result-symmetric-direct-J5.csv,425,cd5b104df8a2abe86bb6ce37d8d2867e5e3288f7ff56261464620f39a98a482c
result-symmetric-direct-J9.csv,694,4aa706e20554c732aea2ed5add493370f0a588565fe4fa5eb995e21dba6acc0e
result-symmetric-median-J14.csv,1075,f16ec2e76cf1b335e039313b9d3d518d224352a83827662d68f48fbba834f969
result-symmetric-median-J5.csv,441,8224065d3f512d0cb952e2656aa2f0ecacd84bf03536bfe95590d3b596956251
result-symmetric-median-J9.csv,719,bac13a94043edf414a12da943764e196f4cb846f6efd604038b7cc66e535755f
result-symmetric-refined-continuous-J5-s42.csv,443,aa12ca223ef7c0853d1c727930cfc32d8c9b8981096b0b82dc07152b4dc1d8b4
result-symmetric-refined-continuous-J7-s42.csv,596,fdb4f7fd0ca93d55a83b16a361deb1743c93dc8cfbdd8a4ee084257d0549602b
result-symmetric-refined-direct-J5-s42.csv,442,25927d184f2e14c819c043e8abcd0a81ae1ca9e560eb37198c503151f9aa7191
result-symmetric-refined-direct-J7-s42.csv,579,c464de48fb2c5e2f62e7a4f6ba8905e408c8078c8b32c92f5f3661dc621618db
result-symmetric-refined-median-J6-s42.csv,507,f887a6a4cb196edee62a235f8b263c547445350c54566f4f279bae901a18b922
result-symmetric-refined-median-J6-s43.csv,509,4932c48bf1a55734c89b2421eec359335f19e2f0aadd4bf562bff0d56b5a9996
result-symmetric-refined-median-J7-s42.csv,579,82723cfe2445ba32008600f3accdb4d02de8c119691829e165404ec59574a71c
result-symmetric-refined-median-J7-s43.csv,580,309784762231d3c1a5ca941f02c7889db1bcb23228149e44025658275c3cb408
result-symmetric-refined-median-J8-s42.csv,648,5caf5941b90f80395689ea63e6e88a84a7048a02d6d15af0b6000fa701dfdc6e
result-symmetric-refined-median-J8-s43.csv,649,fecdde2fa7f93b316745afc4378dbdfb594270a0756ede875a3a26daac0cf1ea
result-symmetric-refined-median-J9-s42.csv,719,bac13a94043edf414a12da943764e196f4cb846f6efd604038b7cc66e535755f
result-symmetric-refined-median-J9-s43.csv,719,06628b2377a73a985f8250bb1e824cbfe02d22f3dd40c295aae0654c393799d4
result-three_off.csv,183,6c782786cdf8b2279223139de52d6438741056e6c44bb8ae5aaf5c34fc4614fd
result-three_tie.csv,177,c5b651ea78ff315185089ee6390d9029f3ab57bfbeed857516d3627d341edc8a
result-transpose-J14-all-s42.csv,1072,58daa8c4fa350762d45fcef91e0dd4d4b34930aa68fdf52e1daf225cc2c65220
result-transpose-J14-all-s42.rds,758,eea3e708b09b1707de98af5d30004d7a6d5362be9a79f9d908ac04df83317764
result-transpose-J14-all-s43.csv,1071,33dc2f43fd6c13f28d662a186fcd2d221d0e1e78ae49190a1210f56e6c67a89d
result-transpose-J14-all-s43.rds,750,48f1d147f77b7d82fbddbb5d786577407a491aa1ebe36beeaffa716293b44444
result-transpose-J14-all-s44.csv,1069,b3f97c054f11b77f9dd8e3ce16909862e97592eb708e7f575cc8ca6c5a8af831
result-transpose-J14-all-s44.rds,756,8c3844a2ade1323a0e2d0d05d28db04ca8b57a58acfadad38ac2fb0473a2d32a
result-transpose-J14-extreme-s42.csv,1072,58daa8c4fa350762d45fcef91e0dd4d4b34930aa68fdf52e1daf225cc2c65220
result-transpose-J14-extreme-s42.rds,730,513defa502c358deb2a266ad8e0a4776b8375f4929cb05b15f5d4f23d765137f
result-transpose-J14-extreme-s43.csv,1071,33dc2f43fd6c13f28d662a186fcd2d221d0e1e78ae49190a1210f56e6c67a89d
result-transpose-J14-extreme-s43.rds,722,62f8cb2757b1351f835f977d2923d41e49d0eb78e66bf60a36f1559cdc08a50e
result-transpose-J14-extreme-s44.csv,1069,b3f97c054f11b77f9dd8e3ce16909862e97592eb708e7f575cc8ca6c5a8af831
result-transpose-J14-extreme-s44.rds,725,6f1a1c8d3cedb3f70c8aa5fc70cc8839fcf59ffb5eb98a7f609b99a990388dff
result-transpose-J14-none-s42.csv,1072,58daa8c4fa350762d45fcef91e0dd4d4b34930aa68fdf52e1daf225cc2c65220
result-transpose-J14-none-s42.rds,731,c023c2dee7fa0a734882a0a5f392ad4107ddf34959a5b324f7855496d14903fa
result-transpose-J14-none-s43.csv,1071,33dc2f43fd6c13f28d662a186fcd2d221d0e1e78ae49190a1210f56e6c67a89d
result-transpose-J14-none-s43.rds,722,5092140d76d3d95d2b7401ee0c5c0ccae5b4067f37285a675dedd2dfaefc631d
result-transpose-J14-none-s44.csv,1069,b3f97c054f11b77f9dd8e3ce16909862e97592eb708e7f575cc8ca6c5a8af831
result-transpose-J14-none-s44.rds,726,5a59fe0c2d52bfa37ef86eeeccd7f250c28a91327617b77dde3c00af67377824
result-transpose-J14-ordinary-s42.csv,1072,58daa8c4fa350762d45fcef91e0dd4d4b34930aa68fdf52e1daf225cc2c65220
result-transpose-J14-ordinary-s42.rds,739,c9b786d8b59ea96e2f0526bc7da1e4dafc812929d418b32d6b3468bfb3ef258a
result-transpose-J14-ordinary-s43.csv,1071,33dc2f43fd6c13f28d662a186fcd2d221d0e1e78ae49190a1210f56e6c67a89d
result-transpose-J14-ordinary-s43.rds,730,525bd8fc9b933b83fd9993dcda5f1f56652792f3f7f20922640e13c710a2cefa
result-transpose-J14-ordinary-s44.csv,1069,b3f97c054f11b77f9dd8e3ce16909862e97592eb708e7f575cc8ca6c5a8af831
result-transpose-J14-ordinary-s44.rds,736,b2a63bec19fae898029676864d6cce8796e7cdd328f538ada027cd0e9cd36957
result-transpose-J9-all-s42.csv,710,23fb067a248d40273b8e0a395594b26cd70fc04f758ee0b6ffbae67eb9314e3c
result-transpose-J9-all-s42.rds,671,9f7ef4dcdc3133c00ac73bc70681cc6bc293ef3593a5a6d8b057c99598a8ce4d
result-transpose-J9-all-s43.csv,712,ecb5f276c93dd3a345d4a99b17c1ead12e4469e1becd28629ab38171b297bba6
result-transpose-J9-all-s43.rds,664,fda4301ebb6641dc5227d1197d4f7c3134c72cf1e63d863733b851673427e57b
result-transpose-J9-all-s44.csv,708,9b22f85dca6c6a2adf063a4f96f6c886e5e49c79eb01802e07389520d91af55e
result-transpose-J9-all-s44.rds,667,7e1d5dc445e6c4ebed949a54de9b98a67a3322d328aed194abc2fb0f4ffaeec7
result-transpose-J9-extreme-s42.csv,710,23fb067a248d40273b8e0a395594b26cd70fc04f758ee0b6ffbae67eb9314e3c
result-transpose-J9-extreme-s42.rds,652,c55db39a708f251f0cd6607128726f70b5bd2a81c87676f960479e38dd57f9ce
result-transpose-J9-extreme-s43.csv,712,ecb5f276c93dd3a345d4a99b17c1ead12e4469e1becd28629ab38171b297bba6
result-transpose-J9-extreme-s43.rds,646,deee4ec82d05c5fe6710c9d46622ac389d64b4a8012069b71832096e41aa589e
result-transpose-J9-extreme-s44.csv,708,9b22f85dca6c6a2adf063a4f96f6c886e5e49c79eb01802e07389520d91af55e
result-transpose-J9-extreme-s44.rds,649,004b3f8fe96fc3b798b8b09ce7fd7908842df59ccab648c546125c468c7afad1
result-transpose-J9-none-s42.csv,710,23fb067a248d40273b8e0a395594b26cd70fc04f758ee0b6ffbae67eb9314e3c
result-transpose-J9-none-s42.rds,652,054ba24142429f399c3de2da92e9ca2e5e6831d17d07be2e6d18a41d6fd588b4
result-transpose-J9-none-s43.csv,712,ecb5f276c93dd3a345d4a99b17c1ead12e4469e1becd28629ab38171b297bba6
result-transpose-J9-none-s43.rds,646,5009c54cbcdc1991cf72f9ca123b03fc1d80ee1ca6e583be4d7f1530d4a9c52c
result-transpose-J9-none-s44.csv,708,9b22f85dca6c6a2adf063a4f96f6c886e5e49c79eb01802e07389520d91af55e
result-transpose-J9-none-s44.rds,649,764a0d3327d14c116f984cd62918f1bcc5fe251674841d46b0d10e061868c23d
result-transpose-J9-ordinary-s42.csv,710,23fb067a248d40273b8e0a395594b26cd70fc04f758ee0b6ffbae67eb9314e3c
result-transpose-J9-ordinary-s42.rds,660,132b63ee3096a8ce71afefa4a17a13c6c4e3428c044582046a750e722c619c89
result-transpose-J9-ordinary-s43.csv,712,ecb5f276c93dd3a345d4a99b17c1ead12e4469e1becd28629ab38171b297bba6
result-transpose-J9-ordinary-s43.rds,655,3aa6b797c51b998f229328de72e5ec9ce158288374e562a4664fd6b55a27017c
result-transpose-J9-ordinary-s44.csv,708,9b22f85dca6c6a2adf063a4f96f6c886e5e49c79eb01802e07389520d91af55e
result-transpose-J9-ordinary-s44.rds,658,50c2a6b46a8f0096016b9fcf604144b45742bee07daa3b6ee26d4b6f2c0f5d9b
result-trial-id-199-delta-0.1.csv,1090,5b5f254db6a4983fa795217df55d53292ed57dce1f54ce40c49174d76c9e3396
result-trial-id-199-delta-0.1.rds,709,6f5191ad54d30e61612cbd63418d745e30e4958152c09286e6960fe7c587b63f
result-trial-id-199-delta-0.2.csv,714,2b8d92c6d73a2b142fc94493450a999d78e44d692b9fc7908851856488348f17
result-trial-id-199-delta-0.2.rds,599,3734bd4926fbb5d5a470234fa998316a2628392def7d7a9c8709d76a7493c636
result-trial-id-199-delta-0.5.csv,698,b7efae24ec4e35fec0422f1f06fbdaae18b18990d7da92d787a2c2c1ff845a10
result-trial-id-199-delta-0.5.rds,597,ea4fb2b2db0ee5f9241f2d87042f74dcaef3cb59572258aad5819639bc6e351b
result-trial-id-199-delta-0.csv,1114,a24ec67273431d9d81a5d61e7b4e3de54bdec095b2eb0d7976ae68dd643a5659
result-trial-id-199-delta-0.rds,715,eb119747255cf6b37c03ef9af2fbf46d86f215a5e0f5cd7a1ba1161ecb71e449
result-trial-id-200-delta-0.1.csv,1092,4bb0a5d45879aaa854efed592b710be8aa7aebe43429570bd67411a52d5c91dd
result-trial-id-200-delta-0.1.rds,709,9139392987433521cd3dfe4ac6b16a1a74d3aeb32d242f1a71155b93d8001dac
result-trial-id-200-delta-0.2.csv,716,10cf470aaeea3341d0b399656825b93e00ffdcd7731dadbfcaa7af18ef58e8e0
result-trial-id-200-delta-0.2.rds,598,614540e3ed976771a3059d17292177d4597b58fd1978b74e7890994d44d3c7e9
result-trial-id-200-delta-0.5.csv,700,b075ff215a5b05dd6ab588c17547a7673223f4f56f9924cfe2ba9fa11ce6e2ab
result-trial-id-200-delta-0.5.rds,596,b19f976a505104fe02a18224846d6c9e9ea171a25413d5b5436e965dfa9a215f
result-trial-id-200-delta-0.csv,1116,9c8edf9cc78664e4d7e7847cf78c06f9fdb13f12d2dc28573cb3010eb59b29aa
result-trial-id-200-delta-0.rds,713,c3c9145bb0733d480a26a5ad5fd2df3f83c08bb09f9fd8a88270949904546cb3
result-trial-id-201-delta-0.1.csv,1088,576b0fbcf1128797a60c011891456bace1b4300c6e7c4f69fc94c4e22f7a1705
result-trial-id-201-delta-0.1.rds,736,f6a38369f98fbbd65755393a63915f57baac037362a07df76347ca129ea98734
result-trial-id-201-delta-0.2.csv,712,7bcb5922e9e37a361c537c0acd4a3b0024791d73c5f5dacf658dfd59697fb64d
result-trial-id-201-delta-0.2.rds,625,396af2238fa87ed98b6cdbb76469a408273d9eff545c7d9b7834d55034e20b78
result-trial-id-201-delta-0.5.csv,696,d93d346bf36bfb49068a2170f216cbed0571c95192f0331e65692031216bf98d
result-trial-id-201-delta-0.5.rds,623,2010b41297bdceac41b7426ddbd08ea55d110ae016f2ab59016b0c28795b3719
result-trial-id-201-delta-0.csv,1112,8114f7fec5d472e328b1e3c8fed2dc864864176974f9feed536764d5b099b0fb
result-trial-id-201-delta-0.rds,740,edd9d767bdf17ef995cc4c4a9a17627e36e831edd65908ba3e7192f9f300ca32
result-trial-id-240-delta-0.1.csv,1088,7b0f922c6f28870e9935c31b64c68d2c33913ea9125c5ddeee3a929db93d7e9d
result-trial-id-240-delta-0.1.rds,735,191096ad2baa908eed04e386d3c172e57ec7e4ab55cadb06fc5c2e1fbe660aa9
result-trial-id-240-delta-0.2.csv,712,bfb9da6551a303157831e28b822c818d84654000b5c253eab6e692864a7183cf
result-trial-id-240-delta-0.2.rds,625,71d5057da737e8c973ee06ab8802075fa3129077adef8828edcd46609392b2ac
result-trial-id-240-delta-0.5.csv,696,7ed58a7dcefc21a2126856bc0af65ccb465af713e7e02d0f09175806334814db
result-trial-id-240-delta-0.5.rds,623,e05fbeef68038658cb43709ef84daab0515dbce5882c6357189d1054e2e5f99a
result-trial-id-240-delta-0.csv,1112,dc67ac28528f17fe039461afcf3eac91989105a9e2971bebd9a762723fb5a9ad
result-trial-id-240-delta-0.rds,739,94a27a91aaf90f7fcbb55a19c5df2bddf2100bac036c51f5c27e2b75cbc2ece0
result-trial-id-namespace-same-id-control.csv,386,2bbdb7e776a803fc60bcf29f3b6a6518af91561311aaf1414b3975d3cf59b72f
result-trial-id-namespace-short-control.csv,334,964b4e786324913fd21636ae813e853af097acf3ad9016c38b6dfb2a1619ec97
result-trial-id-namespace-template.csv,727,de72461c3077e0796c8ccc49ef33ded711252cf8f459013311d32322b8f234f0
result-trial-id-namespace-wide.csv,386,2bbdb7e776a803fc60bcf29f3b6a6518af91561311aaf1414b3975d3cf59b72f
result-trial-id-template-201.csv,702,90f55692c84bfb18f5757546ddb6fc05cbe3c525a292c5dcc03ebe3575a40fa7
result-two_by_three.csv,177,c5b651ea78ff315185089ee6390d9029f3ab57bfbeed857516d3627d341edc8a
result-two_equal.csv,193,1ab5dc64a79abcdde3a1dd778cc9d928f11f33611d6b1f2712a5301c3462c0cc
result-two_unequal.csv,179,67317d021c6908248f130b442dd8c9e83d7de132ded0d13ce80ba537120f5ed4
review-brief.md,19132,656e62004a51bd616986f689cfe7045358cc6b60467f5de1599d32c49c809164
runtime.txt,233,b621973cc0d40c03d04fcc58333fdce60e690f1d6c5a424678dfb8dc48385f67
same-draw-J14-baseline-seed42.rds,472739,5a40766de789e4365139a00a37a7136c86a5f3670d4de0f181ae54a75d9c28f0
same-draw-J14-flip-extreme-seed42.rds,472739,5a40766de789e4365139a00a37a7136c86a5f3670d4de0f181ae54a75d9c28f0
same-draw-J9-baseline-seed42.rds,340277,e7e775514a119a1b60e30dae1ccb8d4996b50a4bb44d531b63c700f367c4b8ab
same-draw-J9-flip-extreme-seed42.rds,340277,e7e775514a119a1b60e30dae1ccb8d4996b50a4bb44d531b63c700f367c4b8ab
same-draw-permutation-complete.txt,10,9ff1646934211cb19e0046e5d46cfe7a8cc96f2a0aecd1d0b7b67c5d65c789f0
same-draw-permutation.csv,1142,3b7199b661284150952c79a74c9f813f8dfe0a7a65f30c4b525069d0171bd4af
same-draw-permutation.R,2654,5ccb411af915bc0b9daa28901909c29c9787179b748dd9533d0956c44320cde9
same-draw-transpose-complete.txt,10,9ff1646934211cb19e0046e5d46cfe7a8cc96f2a0aecd1d0b7b67c5d65c789f0
same-draw-transpose-J14-extreme-s42.rds,472739,5a40766de789e4365139a00a37a7136c86a5f3670d4de0f181ae54a75d9c28f0
same-draw-transpose-J14-none-s42.rds,472739,5a40766de789e4365139a00a37a7136c86a5f3670d4de0f181ae54a75d9c28f0
same-draw-transpose-J9-extreme-s42.rds,340277,e7e775514a119a1b60e30dae1ccb8d4996b50a4bb44d531b63c700f367c4b8ab
same-draw-transpose-J9-none-s42.rds,340277,e7e775514a119a1b60e30dae1ccb8d4996b50a4bb44d531b63c700f367c4b8ab
same-draw-transpose.csv,1152,0085787f670e9bc2fccc807fb7b881e41fc3bc9ae9528525baa3f5b0c2be415e
same-draw-transpose.R,2648,b54535e653845a19d63a2acb0d84474109959a84037b28ca549b7172d1ccb79b
serialized-evidence-check.txt,70,52809707eceee1eac92ec53c0f80005e489e5c685ab2f0fca9cffcce2be3f572
setup-result.txt,143,f0feb118b7b0550d0266e0677ff2fa339aefcca49671aefa1581a4b98da29eb2
setup.R,2431,4d3bc71f2c016a138419001744bf8f3dc4f523c2b5208990c11b1bb5b3503bf3
source-verification.txt,304,484dcfabc80ec299b910af9438e19ff3e0175aa25d8a877787ddea1a013a8481
staged-interval-coverage.csv,514,5bae5a36139a3592f3c68e89e2f0cf1080bdc43bbfaf3270930a940109f20406
sumz-quadrature.csv,293,b5069131b3f7bfaa392a8d4afd7ece92921764f32238099e8a14e7f8653a4dd7
supplemental-complete.txt,10,9ff1646934211cb19e0046e5d46cfe7a8cc96f2a0aecd1d0b7b67c5d65c789f0
supplemental.R,4382,8cccafa3a6e8384365a7a85b9183161430f0b503510fb497c4d73ed9ae2a7a53
symmetric-dispersion-key-checks.csv,241,fd44185c0a95053e4de1a88d924b551aa3d7bc70e5231430e30a7be11bac14e2
symmetric-dispersion-key-fixtures.rds,341,21aeeccdfd894e7b7f32e3d1409f6713f5e31ed0ee862664f27dba6d0ccef976
symmetric-event-check.R,2341,b4416bfac9382b01bfd54ca6fd07fb716f41a15080caae3948510e6964bdb3b1
symmetric-event-complete.txt,43,b0ed3701255b5fae722d626a83adc65d97ae611d6520793de192e2e57d8fd186
symmetric-independent-complete.txt,55,4d5e03677b011f3ea8810de79d2a67ee7fb01fee1c1ed775e671a1ce5342282e
symmetric-independent-reference.csv,3322,7c4903173bf8379fef3e88199fae851adb4c5153141a8e9d009a05d632bf7b01
symmetric-independent-reference.py,4657,d9bab6a2186f8e4bf5d78883cdd639863dedcbedc6e12ca948cd3d0da5b8169e
symmetric-integer-events.csv,910,5791854d885c9c6c8555ca8fc9bdf17a335f08320b4102b214e6c901836e21f9
symmetric-null-checks.R,3795,cf2fcecc6fbb7e1daeb06bf260535f5b60b3dbf59fdbcdba83e120eb6558b8c1
symmetric-null-comparisons.csv,1447,31234d4fe0505c5158f09b142c96220571cd9cedd84bbe9fd8eb33b2836f0043
symmetric-null-complete.txt,10,9ff1646934211cb19e0046e5d46cfe7a8cc96f2a0aecd1d0b7b67c5d65c789f0
symmetric-reference-continuous-checkpoint.json,94,a0a857f8ea8c1dbab2d1246860d3b2fe11122e44652caf6064cebb0759e5016d
symmetric-reference-direct-checkpoint.json,90,20ae677461e38b3f4b0780acb310dd6aef6d5cd0c4028691edbff45944dd8da0
symmetric-reference-median-checkpoint.json,90,8e3710a792715cc1d79a897f524b8341adfdca14903e94b12968e89b1bb868fa
symmetric-refined-comparisons.csv,2080,a5a4776f8fd2999ec349aa43db621948d17e20b178ca9a01a637ac04cc66e0f8
symmetric-refined-complete.txt,10,9ff1646934211cb19e0046e5d46cfe7a8cc96f2a0aecd1d0b7b67c5d65c789f0
symmetric-refined.R,3985,c6ac5698fa360db16c094d2c65bbbaba1e5e2023362590310f5e2958388c8a2e
transpose-checks.R,1463,dc3d8153133ca633b8c95e0f76216f9d25fce17c5a37fd40b4792ef594d53c70
transpose-comparisons.csv,2430,cc483a0c87a208701d74b286be3760207c5183667b0ef5c83f9ed32f2bdf8704
transpose-complete.txt,10,9ff1646934211cb19e0046e5d46cfe7a8cc96f2a0aecd1d0b7b67c5d65c789f0
trial-id-checks.R,1642,0359a2303453586e377ba6f8ac46f91ccdde21e2458f37c79c4544d2f631a341
trial-id-comparisons.csv,1745,4b4113f38303b4607a74397cea657f5348e86c7c6d8e616dad8d89b7f55b9883
trial-id-complete.txt,10,9ff1646934211cb19e0046e5d46cfe7a8cc96f2a0aecd1d0b7b67c5d65c789f0
trial-id-namespace-comparisons.csv,551,35f20b7bb2b412ca0924308cbf5db0f94a151763957d35cb580699abda572165
trial-id-namespace-complete.txt,10,9ff1646934211cb19e0046e5d46cfe7a8cc96f2a0aecd1d0b7b67c5d65c789f0
trial-id-namespace-identities.csv,871,e3b59dbd48d4d23f6b93703b62fa13f3a73e14e47f184d0d5c46cb131611c332
trial-id-namespace.R,2408,393040027e1c0a5f6eeaaab8fcb370ec5d91f880b56b8de6de2ac3a88a718869
trial-id-reference-complete.txt,10,9ff1646934211cb19e0046e5d46cfe7a8cc96f2a0aecd1d0b7b67c5d65c789f0
trial-id-reference.csv,154,7b093ab7293d09fb422c8d6ddae3b878f4820d302f4cb0b842977171318958a5
trial-id-reference.R,1432,31d00fc5ecba4fa57bb4d984bdab83144d7498301b82719bba33f4d70fb34313
unique-law-comparison.R,1682,d074fd8d532e2000b31058fbaba40159317028a6e8798586856a9d9427eebd57
unique-law-old-complete.txt,10,9ff1646934211cb19e0046e5d46cfe7a8cc96f2a0aecd1d0b7b67c5d65c789f0
unique-law-target-complete.txt,10,9ff1646934211cb19e0046e5d46cfe7a8cc96f2a0aecd1d0b7b67c5d65c789f0
verify-artifacts.py,1326,99cbc692240c67297376b07fe2be6dab1aecd0f23f77d5f6223f088359583d6c
warning-details.csv,488,2e7ccfc0a514b979347c4a087d2c8a32b1cc7e2f109d92f3abd297a9601588de
warning-details.R,670,796101dd3f0be3681d1fb1de08dbccb461cd6a4ba3b7bc96dc42ac32b6274bb3
../2026-09-11-full2-independent-statistical-audit-chatgpt.md,30863,10ae33b9b36588c18993c05b3dc8b3db0c2ea3160612945cdc01022fff12fe61
