"N1","N2","p1","p2","p3","p4","partition","n","groups","maxRank","minRank","best","best50","worst","worst50","id"
200,5000,0,100,0,100,TRUE,51,26,1,23,0.98076923076923,0.98076923076923,0.162000879894918,0.162000879894918,1
200,5000,0,100,1,99,TRUE,102,52,10,13,0.922799000087054,0.922799000087054,0.171558530025341,0.171558530025341,2
200,5000,1,99,0,100,TRUE,78,28,1,13,0.999971961238245,0.999971961238245,0.162000879894918,0.162000879894918,3
200,5000,1,99,1,99,TRUE,153,53,1,43,0.944043422878303,0.944043422878303,0.11077725989753,0.11077725989753,4
200,5000,1,99,2,98,TRUE,153,53,9,13,0.931310579306179,0.931310579306179,0.11096047728147,0.11096047728147,5
200,5000,2,98,1,99,TRUE,153,53,1,13,0.996986949157349,0.996986949157349,0.11077725989753,0.11077725989753,6
200,5000,2,98,2,98,TRUE,153,53,1,46,0.680222622693545,0.680222622693545,0.0886154529842064,0.0886154529842064,7
200,5000,2,98,3,97,TRUE,153,53,9,13,0.869199252213896,0.869199252213896,0.0885422325048123,0.0885422325048123,8
200,5000,5,95,4,96,TRUE,153,53,1,13,0.855590165874161,0.855590165874161,0.067904289602932,0.067904289602932,9
200,5000,5,95,5,95,TRUE,153,53,4,48,0.448464789058025,0.448464789058025,0.0619844063373438,0.0619844063373438,10
200,5000,5,95,6,94,TRUE,153,53,8,13,0.731009379982529,0.731009379982529,0.0619219315673706,0.0619219315673706,11
200,5000,10,90,9,91,TRUE,153,53,1,13,0.663604506575973,0.663604506575973,0.0485426327714706,0.0485426327714706,12
200,5000,10,90,10,90,TRUE,153,53,8,48,0.329559288540073,0.329559288540073,0.0464737086871034,0.0464737086871034,13
200,5000,10,90,11,89,TRUE,153,53,6,13,0.604383877082293,0.604383877082293,0.0464448878936217,0.0464448878936217,14
200,5000,25,75,24,76,TRUE,153,53,3,13,0.474752051849441,0.474752051849441,0.0332871634361879,0.0332871634361879,15
200,5000,25,75,25,75,TRUE,153,53,11,48,0.229848226622195,0.229848226622195,0.0328504992638477,0.0328504992638477,16
200,5000,25,75,26,74,TRUE,153,53,5,13,0.459785052643723,0.459785052643723,0.0328434557396798,0.0328434557396798,17
200,5000,50,50,49,51,TRUE,153,53,4,13,0.410931341141184,0.410931341141184,0.0286700574044842,0.0286700574044842,18
200,5000,50,50,50,50,TRUE,153,53,11,48,0.198942779156578,0.198942779156578,0.0286685860622711,0.0286685860622711,19
200,5000,50,50,51,49,TRUE,153,53,4,13,0.410931341141184,0.410931341141184,0.0286700574044842,0.0286700574044842,20
300,5000,0,100,0,100,TRUE,51,26,1,26,0.971698113207547,0.971698113207547,0.160003400912367,0.160003400912367,21
300,5000,0,100,1,99,TRUE,102,52,5,1,0.97443067676347,0.97443067676347,0.171678476410502,0.171678476410502,22
300,5000,1,99,0,100,TRUE,78,28,1,1,0.999994963562548,0.999994963562548,0.131395557457526,0.131395557457526,23
300,5000,1,99,1,99,TRUE,153,53,1,47,0.949942566601134,0.949942566601134,0.0981362728415105,0.0981362728415105,24
300,5000,1,99,2,98,TRUE,153,53,4,1,0.962336837771337,0.962336837771337,0.0981718875362174,0.0981718875362174,25
300,5000,2,98,1,99,TRUE,153,53,1,1,0.998990772294717,0.998990772294717,0.0890523002052338,0.0890523002052338,26
300,5000,2,98,2,98,TRUE,153,53,1,46,0.715950629146232,0.715950629146232,0.0762002645935957,0.0762002645935957,27
300,5000,2,98,3,97,TRUE,153,53,4,1,0.917371478765236,0.917371478765236,0.0762002645935957,0.0762002645935957,28
300,5000,5,95,4,96,TRUE,153,53,1,1,0.907322199581493,0.907322199581493,0.055431419619851,0.055431419619851,29
300,5000,5,95,5,95,TRUE,153,53,2,49,0.475176390888738,0.475176390888738,0.0520510618552342,0.0520510618552342,30
300,5000,5,95,6,94,TRUE,153,53,4,1,0.797393133319049,0.797393133319049,0.0520510618552342,0.0520510618552342,31
300,5000,10,90,9,91,TRUE,153,53,1,1,0.733926077484807,0.733926077484807,0.0398439961822835,0.0398439961822835,32
300,5000,10,90,10,90,TRUE,153,53,2,50,0.349267087146988,0.349267087146988,0.0386681603637613,0.0386681603637613,33
300,5000,10,90,11,89,TRUE,153,53,2,1,0.672906972436657,0.672906972436657,0.0386681603637613,0.0386681603637613,34
300,5000,25,75,24,76,TRUE,153,53,1,1,0.537094213768594,0.537094213768594,0.0274175232388874,0.0274175232388874,35
300,5000,25,75,25,75,TRUE,153,53,5,50,0.2435152761164,0.2435152761164,0.0271700932675655,0.0271700932675655,36
300,5000,25,75,26,74,TRUE,153,53,1,1,0.520403786599356,0.520403786599356,0.0271700932675655,0.0271700932675655,37
300,5000,50,50,49,51,TRUE,153,53,1,1,0.467195143046187,0.467195143046187,0.0236573865051467,0.0236573865051467,38
300,5000,50,50,50,50,TRUE,153,53,5,52,0.210685072111222,0.210685072111222,0.0236542940127439,0.0236573865051467,39
300,5000,50,50,51,49,TRUE,153,53,1,1,0.467195143046187,0.467195143046187,0.0236573865051467,0.0236573865051467,40
500,5000,0,100,0,100,TRUE,77,27,1,16,0.995875283109326,0.995875283109326,0.134111288041218,0.134111288041218,41
500,5000,0,100,1,99,TRUE,153,53,4,1,0.994814838486818,0.994814838486818,0.134111288041218,0.134111288041218,42
500,5000,1,99,0,100,TRUE,130,30,1,1,0.99999997530778,0.99999997530778,0.113895352971968,0.113895352971968,43
500,5000,1,99,1,99,TRUE,255,55,1,41,0.985600263189449,0.985600263189449,0.0772208414531818,0.0772208414531818,44
500,5000,1,99,2,98,TRUE,255,55,2,1,0.993880623339496,0.993880623339496,0.0772208414531818,0.0772208414531818,45
500,5000,2,98,1,99,TRUE,255,55,1,1,0.999963203258025,0.999963203258025,0.0729005078309051,0.0729005078309051,46
500,5000,2,98,2,98,TRUE,255,55,1,45,0.891326174156993,0.891326174156993,0.060026044432132,0.060026044432132,47
500,5000,2,98,3,97,TRUE,255,55,2,1,0.978726152712759,0.978726152712759,0.060026044432132,0.060026044432132,48
500,5000,5,95,4,96,TRUE,255,55,1,1,0.970861734605991,0.970861734605991,0.0443082638588006,0.0443082638588006,49
500,5000,5,95,5,95,TRUE,255,55,1,46,0.659304391684213,0.659304391684213,0.0410528539748471,0.0410528539748471,50
500,5000,5,95,6,94,TRUE,255,55,2,1,0.908407691711649,0.908407691711649,0.0410528539748471,0.0410528539748471,51
500,5000,10,90,9,91,TRUE,255,55,1,1,0.855274260377595,0.855274260377595,0.031633307810932,0.031633307810932,52
500,5000,10,90,10,90,TRUE,255,55,1,46,0.501364521970169,0.501364521970169,0.0305133924558013,0.0305133924558013,53
500,5000,10,90,11,89,TRUE,255,55,2,1,0.804236773070389,0.804236773070389,0.0305133924558013,0.0305133924558013,54
500,5000,25,75,24,76,TRUE,255,55,1,1,0.665442862387244,0.665442862387244,0.0216839683591035,0.0216839683591035,55
500,5000,25,75,25,75,TRUE,255,55,1,46,0.356385121406504,0.356385121406504,0.0214497258792182,0.0214497258792182,56
500,5000,25,75,26,74,TRUE,255,55,1,1,0.648156276162862,0.648156276162862,0.0214497258792182,0.0214497258792182,57
500,5000,50,50,49,51,TRUE,255,55,1,1,0.588117804472171,0.588117804472171,0.0186862476111099,0.0186862476111099,58
500,5000,50,50,50,50,TRUE,255,55,1,46,0.309663332057431,0.309663332057431,0.0186856247039055,0.0186856247039055,59
500,5000,50,50,51,49,TRUE,255,55,1,1,0.588117804472171,0.588117804472171,0.0186862476111099,0.0186862476111099,60
1000,5000,0,100,0,100,TRUE,155,30,1,14,0.999936234130823,0.999936234130823,0.0956213516930491,0.0956213516930491,61
1000,5000,0,100,1,99,TRUE,306,56,3,3,0.99981663099986,0.99981663099986,0.0944934137546757,0.0944934137546757,62
1000,5000,1,99,0,100,TRUE,286,36,1,3,0.999999999999026,0.999999999999026,0.0956213516930491,0.0956213516930491,63
1000,5000,1,99,1,99,TRUE,561,61,1,32,0.999200414915378,0.999200414915378,0.0563887473526599,0.0563887473526599,64
1000,5000,1,99,2,98,TRUE,561,61,1,3,0.999899130313403,0.999899130313403,0.0561514887850247,0.0561514887850247,65
1000,5000,2,98,1,99,TRUE,561,61,1,3,0.99999997104946,0.99999997104946,0.0563887473526599,0.0563887473526599,66
1000,5000,2,98,2,98,TRUE,561,61,1,32,0.974891939560756,0.974891939560756,0.0440426791965413,0.0440426791965413,67
1000,5000,2,98,3,97,TRUE,561,61,1,3,0.999028446295063,0.999028446295063,0.0439309427153404,0.0439309427153404,68
1000,5000,5,95,4,96,TRUE,561,61,1,3,0.997359906469323,0.997359906469323,0.0332400346106,0.0332400346106,69
1000,5000,5,95,5,95,TRUE,561,61,1,32,0.824221413482162,0.824221413482162,0.0302399652353122,0.0302399652353122,70
1000,5000,5,95,6,94,TRUE,561,61,1,3,0.984208640268504,0.984208640268504,0.0302058270292802,0.0302058270292802,71
1000,5000,10,90,9,91,TRUE,561,61,1,3,0.959113344955271,0.959113344955271,0.023533491601608,0.023533491601608,72
1000,5000,10,90,10,90,TRUE,561,61,1,32,0.66605062968185,0.66605062968185,0.0225121695922584,0.0225121695922584,73
1000,5000,10,90,11,89,TRUE,561,61,1,3,0.934555785641939,0.934555785641939,0.0224996301950475,0.0224996301950475,74
1000,5000,25,75,24,76,TRUE,561,61,1,3,0.826647004468927,0.826647004468927,0.0160558301538815,0.0160558301538815,75
1000,5000,25,75,25,75,TRUE,561,61,1,32,0.492417738431302,0.492417738431302,0.015843383215882,0.015843383215882,76
1000,5000,25,75,26,74,TRUE,561,61,1,3,0.813045702615064,0.813045702615064,0.0158406670191478,0.0158406670191478,77
1000,5000,50,50,49,51,TRUE,561,61,1,3,0.754133348370663,0.754133348370663,0.0138132220684476,0.0138132220684476,78
1000,5000,50,50,50,50,TRUE,561,61,3,32,0.432262266998238,0.432262266998238,0.0138125138558114,0.0138125138558114,79
1000,5000,50,50,51,49,TRUE,561,61,1,3,0.754133348370663,0.754133348370663,0.0138132220684476,0.0138132220684476,80
5000,5000,0,100,0,100,TRUE,675,50,1,23,0.999999971080601,0.999999971080601,0.0562784517176584,0.0562784517176584,81
5000,5000,0,100,1,99,TRUE,1326,76,1,1,1,1,0.0562784517176584,0.0562784517176584,82
5000,5000,1,99,0,100,TRUE,1326,76,1,1,1,1,0.0562784517176584,0.0562784517176584,83
5000,5000,1,99,1,99,TRUE,2601,101,1,26,0.999999672559252,0.999999672559252,0.032765917764127,0.032765917764127,84
5000,5000,1,99,2,98,TRUE,2601,101,1,1,1,1,0.032765917764127,0.032765917764127,85
5000,5000,2,98,1,99,TRUE,2601,101,1,1,1,1,0.032765917764127,0.032765917764127,86
5000,5000,2,98,2,98,TRUE,2601,101,1,51,0.999655508367301,0.999655508367301,0.0255272000544517,0.0256270907801591,87
5000,5000,2,98,3,97,TRUE,2601,101,1,1,0.999999999906738,0.999999999906738,0.0255272000544517,0.0255272000544517,88
5000,5000,5,95,4,96,TRUE,2601,101,1,1,0.999998679222536,0.999998679222536,0.0192335892478312,0.0192335892478312,89
5000,5000,5,95,5,95,TRUE,2601,101,1,51,0.978164315069257,0.978164315069257,0.0174910055840537,0.0175210114601068,90
5000,5000,5,95,6,94,TRUE,2601,101,1,1,0.999988822338587,0.999988822338587,0.0174910055840537,0.0174910055840537,91
5000,5000,10,90,9,91,TRUE,2601,101,1,1,0.99935297937622,0.99935297937622,0.0136021808834866,0.0136021808834866,92
5000,5000,10,90,10,90,TRUE,2601,101,1,26,0.904274857888595,0.904274857888595,0.0130106568117008,0.0130106568117008,93
5000,5000,10,90,11,89,TRUE,2601,101,1,1,0.998895050907422,0.998895050907422,0.0130106568117008,0.0130106568117008,94
5000,5000,25,75,24,76,TRUE,2601,101,1,1,0.979911293025104,0.979911293025104,0.00927482467619218,0.00927482467619218,95
5000,5000,25,75,25,75,TRUE,2601,101,1,51,0.751663850591109,0.751663850591109,0.00915199017171807,0.00915435198831575,96
5000,5000,25,75,26,74,TRUE,2601,101,1,1,0.978203130536066,0.978203130536066,0.00915199017171807,0.00915199017171807,97
5000,5000,50,50,49,51,TRUE,2601,101,1,1,0.954472739877128,0.954472739877128,0.00797864607954032,0.00797864607954032,98
5000,5000,50,50,50,50,TRUE,2601,101,1,26,0.682592708969904,0.682592708969904,0.00797824721705299,0.00797824721705299,99
5000,5000,50,50,51,49,TRUE,2601,101,1,1,0.954472739877128,0.954472739877128,0.00797864607954032,0.00797864607954032,100
300,500,25,50,24,51,FALSE,225,161,2,1,0.441214173101887,0.441214173101887,0.0713289746950834,0.0713289746950834,141
1000,300,2,1,2,3,FALSE,1089,689,1,1,0.999040695799437,0.999040695799437,0.121235153877461,0.121235153877461,144
200,300,10,5,8,3,FALSE,81,65,7,12,0.662303619996244,0.662303619996244,0.102609354037675,0.102609354037675,145
700,500,5,10,6,8,FALSE,1225,649,6,6,0.954431248938405,0.954431248938405,0.416431333950015,0.416431333950015,146
200,700,1,0,3,0,FALSE,147,111,1,70,0.961538461538462,0.961538461538462,0.185920864452566,0.389230769230769,147
300,500,2,1,2,0,FALSE,135,103,1,12,0.989473684210526,0.989473684210526,0.182456140350877,0.182456140350877,148
200,500,0,3,0,4,FALSE,75,59,1,49,0.892857142857143,0.892857142857143,0.197849462365591,0.197849462365591,149
300,5000,25,1,24,0,FALSE,11934,6934,1,330,0.999994034399877,0.999994034399877,0.131428113340361,0.135705294132195,150
500,500,1,50,0,49,FALSE,375,247,25,25,0.989371544672779,0.989371544672779,0.157505655173526,0.157505655173526,151
2000,300,5,10,4,11,FALSE,3969,2369,7,2,0.887314052598203,0.887314052598203,0.0687992686607718,0.0687992686607718,152
2000,200,1,10,0,11,FALSE,2646,1846,117,313,0.943703625733748,0.941686904259156,0.174503719428806,0.195273532553084,153
2000,1000,25,0,27,0,FALSE,15015,5015,1,1896,0.997574957562026,0.997574957562026,0.105802075357392,0.110009427893105,154
700,1000,5,25,6,27,FALSE,5929,2329,3,680,0.81264398334667,0.81264398334667,0.0450698594773357,0.045516418229221,155
1000,700,1,10,3,8,FALSE,5929,2329,1,2,0.999999534608885,0.999999534608885,0.899276535487676,0.899276535487676,156
500,1000,3,0,2,0,FALSE,935,535,1,220,0.968019968019968,0.968019968019968,0.157015417934306,0.176321760157626,157
300,1000,25,50,23,52,FALSE,1089,689,1,8,0.732415883677158,0.732415883677158,0.345826803751814,0.345826803751814,159
500,300,0,50,0,51,FALSE,75,59,1,15,0.811111111111111,0.811111111111111,0.219493103156469,0.219493103156469,160
700,300,0,0,2,0,FALSE,81,63,1,15,0.995833333333334,0.995833333333334,0.218181818181818,0.218181818181818,161
200,5000,0,50,0,49,FALSE,7803,5303,1,3978,0.980582524271844,0.980582524271844,0.15712364373534,0.188483578361191,162
700,200,5,10,4,11,FALSE,441,297,1,14,0.802529391362749,0.802529391362749,0.0866106907052333,0.0866106907052333,163
2000,200,50,1,48,0,FALSE,2646,1846,73,434,0.931983646545304,0.930947572030705,0.171780667636138,0.192836057757172,167
700,500,3,1,4,0,FALSE,735,447,7,1,0.99861723346419,0.99861723346419,0.310674430339146,0.310674430339146,168
2000,700,1,3,1,3,FALSE,21609,7209,1,3724,0.993073387017939,0.993073387017939,0.0844092405870466,0.0896046982995554,169
2000,300,2,3,1,5,FALSE,3969,2369,11,14,0.997823137056002,0.997823137056002,0.501214494045505,0.501214494045505,172
300,5000,3,10,4,8,FALSE,23409,13409,20,37,0.968344298045206,0.968344298045206,0.346410815750036,0.346410815750036,173
300,300,5,5,4,3,FALSE,81,65,4,12,0.676235854577316,0.676235854577316,0.106751366039292,0.106751366039292,176
500,2000,0,5,1,7,FALSE,6615,3415,39,553,0.988253153569664,0.988253153569664,0.139997145343923,0.151367484075054,177
500,500,3,0,1,0,FALSE,200,136,1,81,0.978354978354978,0.978354978354978,0.193111236589497,0.210526315789474,178
200,700,25,5,27,4,FALSE,441,297,1,8,0.839371542666713,0.839371542666713,0.0793423938920447,0.0793423938920447,179
5000,200,5,50,5,50,FALSE,23409,13409,161,8664,0.456607544233695,0.456500382161498,0.0633079930076878,0.0640942703167822,181
500,2000,25,5,24,3,FALSE,11025,4625,1,13,0.997274806855003,0.997274806855003,0.539466814773936,0.539466814773936,182
1000,200,2,25,1,27,FALSE,1089,689,85,78,0.932044433978827,0.929343797745744,0.119084643574734,0.122340541560566,183
300,200,25,0,26,2,FALSE,54,46,1,9,0.993825448251376,0.993825448251376,0.776004042114463,0.776004042114463,184
500,500,0,5,0,7,FALSE,200,136,1,75,0.920676890534109,0.920676890534109,0.174935786054242,0.184707478649533,185
2000,1000,3,0,1,1,FALSE,27951,7951,1,9,0.99999999999983,0.99999999999983,0.573606772215474,0.573606772215474,186
200,2000,10,50,11,49,FALSE,3969,2369,1,178,0.638783460067429,0.638783460067429,0.0495902511530187,0.0498941430914523,187
2000,700,50,2,49,2,FALSE,21609,7209,5,3656,0.892270332997795,0.892270332997795,0.0567550035779268,0.057068170632482,188
500,200,3,50,4,48,FALSE,225,161,1,15,0.817223253056034,0.817223253056034,0.0898978761158214,0.0898978761158214,189
300,500,5,5,5,3,FALSE,225,161,1,2,0.929335938746129,0.929335938746129,0.277893093780021,0.277893093780021,190
200,500,50,0,48,0,FALSE,75,59,1,44,0.853801169590644,0.853801169590644,0.207150529384686,0.207150529384686,191
2000,700,25,25,24,23,FALSE,21609,7209,2,1300,0.642819786860426,0.642819786860426,0.0251102853088917,0.0251897568928872,192
500,2000,3,10,5,9,FALSE,11025,4625,3,12,0.996903309624734,0.996903309624734,0.660896191378353,0.660896191378353,194
700,300,1,5,2,3,FALSE,441,297,1,13,0.997623721676969,0.997623721676969,0.592495611690836,0.592495611690836,195
500,700,25,3,25,4,FALSE,1225,649,20,22,0.882547804959694,0.882547804959694,0.0655889571505725,0.0655889571505725,196
500,500,25,10,23,9,FALSE,625,369,7,247,0.414329100325491,0.414329100325491,0.0471829696216524,0.0475189474296489,197
200,200,10,5,10,4,FALSE,81,65,1,25,0.669708653719505,0.669708653719505,0.104635896858212,0.104635896858212,198
500,1000,0,2,1,0,FALSE,990,590,1,1,0.999999971237688,0.999999971237688,0.796439628482972,0.796439628482972,199
1000,700,5,50,4,48,FALSE,5929,2329,19,328,0.89303223023707,0.89303223023707,0.0475607591142867,0.0480814934298159,200
300,300,3,3,2,5,FALSE,81,65,1,4,0.962794997444608,0.962794997444608,0.565797833428534,0.565797833428534,201
1000,500,25,0,25,0,FALSE,935,535,1,185,0.946188029440355,0.946188029440355,0.153087654551569,0.16589475822072,203
200,5000,0,5,0,6,FALSE,7803,5303,1,4178,0.985074626865672,0.985074626865672,0.160840621733594,0.194958316169855,204
700,300,50,2,49,0,FALSE,294,222,42,15,0.993814679433781,0.993814679433781,0.843975594230481,0.843975594230481,205
700,500,25,25,26,24,FALSE,1225,649,4,1,0.614903497051507,0.614903497051507,0.0657734042865532,0.0657734042865532,206
300,200,2,10,1,8,FALSE,81,65,1,29,0.827529435638629,0.827529435638629,0.137861580746607,0.137861580746607,208
500,200,5,25,4,24,FALSE,225,161,9,50,0.652811953180872,0.652811953180872,0.0818972150798025,0.0818972150798025,209
300,2000,10,50,11,51,FALSE,3969,2369,11,386,0.560770641860237,0.560770641860237,0.0417374250779846,0.041988555763565,211
700,2000,2,25,1,24,FALSE,21609,7209,1,331,0.999948613099257,0.999948613099257,0.0687464177240025,0.0718287936986005,212
500,500,50,50,48,48,FALSE,625,369,1,280,0.201325113703974,0.201325113703974,0.0253452571560153,0.0253700154772663,213
200,300,2,5,4,6,FALSE,81,65,1,8,0.856862245599429,0.856862245599429,0.123351102841804,0.123351102841804,217
300,200,25,25,25,24,FALSE,81,65,1,26,0.348999543386425,0.348999543386425,0.0510050187909461,0.0510050187909461,219
700,700,25,3,24,2,FALSE,2401,1105,6,74,0.95860518537646,0.95860518537646,0.0684781833417847,0.069012003580285,220
700,700,50,25,50,27,FALSE,2401,1105,1,4,0.682923300050921,0.682923300050921,0.17852601567511,0.17852601567511,221
500,300,1,25,2,23,FALSE,225,161,1,1,0.973010346102811,0.973010346102811,0.3483837006691,0.3483837006691,222
300,2000,25,3,23,5,FALSE,3969,2369,60,98,0.973404316358777,0.973325119197153,0.697379946865957,0.699376412259267,223
2000,300,25,1,26,3,FALSE,3969,2369,1,1,0.999930855744029,0.999930855744029,0.810805432818877,0.810805432818877,224
500,700,25,3,25,5,FALSE,1225,649,15,17,0.975859507177145,0.975859507177145,0.605472057933382,0.605472057933382,225
500,1000,3,25,2,26,FALSE,3025,1425,1,10,0.985701019887177,0.985701019887177,0.0699372182404622,0.0699372182404622,226
5000,200,50,0,51,0,FALSE,7803,5303,1,3978,0.980586220022841,0.980586220022841,0.157104417168719,0.188465681045699,227
2000,300,50,50,52,49,FALSE,3969,2369,1,15,0.558497521179308,0.558497521179308,0.170530222475425,0.170530222475425,228
200,5000,50,3,49,2,FALSE,23409,13409,1,2488,0.9709771113702,0.9709771113702,0.0892600737068735,0.0916957588262362,229
300,5000,3,10,3,11,FALSE,23409,13409,1,7460,0.753422774979634,0.753422774979634,0.0726316234120126,0.0739517376918918,230
