"case","index","status","p","seconds"
"bounded_beta",1,"computed",0.3375,0.0500000000000007
"coarse_quartiles",1,"validation_refusal",NA,0.23
"six_arm_normal",1,"computed",0.907,0.25
"bounded_beta",2,"computed",0.847,0.0300000000000002
"bounded_beta",3,"computed",0.4815,0.47
"bounded_beta",4,"computed",0.016,0.0100000000000007
"bounded_beta",5,"computed",0.8545,0.0199999999999996
"bounded_beta",6,"computed",0.7885,0.00999999999999979
"bounded_beta",7,"computed",0.986,0.0300000000000002
"bounded_beta",8,"computed",0.4995,0
"bounded_beta",9,"computed",0.4165,0.0300000000000002
"bounded_beta",10,"computed",0.016,0.00999999999999979
"bounded_beta",11,"computed",0.683,0.0199999999999996
"bounded_beta",12,"computed",0.7735,0.0199999999999996
"bounded_beta",13,"computed",0.9685,0
"bounded_beta",14,"computed",0.557,0.04
"bounded_beta",15,"computed",0.2205,0.0100000000000007
"bounded_beta",16,"computed",0.061,0.0199999999999996
"bounded_beta",17,"computed",0.4715,0.0200000000000005
"bounded_beta",18,"computed",0.6315,0.00999999999999979
"bounded_beta",19,"computed",0.0495,0.04
"bounded_beta",20,"computed",0.2175,0.00999999999999979
"bounded_beta",21,"computed",0.014,0.0300000000000002
"bounded_beta",22,"computed",0.3735,0.0199999999999996
"bounded_beta",23,"computed",0.187,0.0100000000000007
"bounded_beta",24,"computed",0.8075,0.00999999999999979
"bounded_beta",25,"computed",0.496,0.0200000000000005
"bounded_beta",26,"computed",0.9865,0.0100000000000007
"bounded_beta",27,"computed",0.9495,0.0199999999999996
"bounded_beta",28,"computed",0.29,0.00999999999999979
"bounded_beta",29,"computed",0.244,0.0300000000000002
"bounded_beta",30,"computed",0.9085,0.0200000000000005
"bounded_beta",31,"computed",0.9135,0.0299999999999994
"bounded_beta",32,"computed",0.9425,0.0200000000000005
"bounded_beta",33,"computed",0.1835,0.0299999999999994
"bounded_beta",34,"computed",0.0505,0.0100000000000007
"bounded_beta",35,"computed",0.5975,0.0199999999999996
"bounded_beta",36,"computed",0.8865,0.0300000000000002
"bounded_beta",37,"computed",0.953,0.0199999999999996
"bounded_beta",38,"computed",0.5855,0.0199999999999996
"bounded_beta",39,"computed",0.0905,0.00999999999999979
"bounded_beta",40,"computed",0.612,0.00999999999999979
"bounded_beta",41,"computed",0.5155,0.04
"bounded_beta",42,"computed",0.8435,0.00999999999999979
"bounded_beta",43,"computed",0.051,0.0300000000000002
"bounded_beta",44,"computed",0.397,0.0199999999999996
"bounded_beta",45,"computed",0.185,0.0100000000000007
"bounded_beta",46,"computed",0.6395,0.0299999999999994
"bounded_beta",47,"computed",0.2175,0.04
"bounded_beta",48,"computed",0.8875,0.0100000000000007
"bounded_beta",49,"computed",0.02,0.0199999999999996
"bounded_beta",50,"computed",0.3655,0.0300000000000002
"bounded_beta",51,"computed",0.0205,0.0200000000000005
"bounded_beta",52,"computed",0.5555,0.0199999999999996
"bounded_beta",53,"computed",0.207,0
"bounded_beta",54,"computed",0.0955,0.0300000000000002
"bounded_beta",55,"computed",0.948,0.0199999999999996
"bounded_beta",56,"computed",0.5365,0.0199999999999996
"bounded_beta",57,"computed",0.8585,0.00999999999999979
"bounded_beta",58,"computed",0.406,0.04
"bounded_beta",59,"computed",0.801,0.0300000000000002
"bounded_beta",60,"computed",0.737,0.00999999999999979
"bounded_beta",61,"computed",0.573,0.00999999999999979
"bounded_beta",62,"computed",0.2205,0
"bounded_beta",63,"computed",0.993,0.0299999999999994
"bounded_beta",64,"computed",0.2425,0.0200000000000005
"bounded_beta",65,"computed",0.922,0.00999999999999979
"bounded_beta",66,"computed",0.834,0.0100000000000007
"bounded_beta",67,"computed",0.181,0.0199999999999996
"bounded_beta",68,"computed",0.3245,0.00999999999999979
"bounded_beta",69,"computed",0.979,0.0199999999999996
"bounded_beta",70,"computed",0.9195,0.0100000000000007
"bounded_beta",71,"computed",0.265,0.0199999999999996
"bounded_beta",72,"computed",0.9125,0.0200000000000005
"bounded_beta",73,"computed",0.4825,0.00999999999999979
"bounded_beta",74,"computed",0.525,0.04
"bounded_beta",75,"computed",0.597,0.00999999999999979
"bounded_beta",76,"computed",0.1535,0.0200000000000005
"bounded_beta",77,"computed",0.655,0.0199999999999996
"bounded_beta",78,"computed",0.476,0.0100000000000007
"bounded_beta",79,"computed",0.0155,0.0299999999999994
"bounded_beta",80,"computed",0.684,0.0200000000000005
"bounded_beta",81,"computed",0.961,0.0300000000000002
"bounded_beta",82,"computed",0.754,0.0199999999999996
"bounded_beta",83,"computed",0.882,0.0300000000000002
"bounded_beta",84,"computed",0.792,0.00999999999999979
"bounded_beta",85,"computed",0.4525,0.0199999999999996
"bounded_beta",86,"computed",0.8295,0.0300000000000002
"bounded_beta",87,"computed",0.062,0.00999999999999979
"bounded_beta",88,"computed",0.7845,0.0199999999999996
"bounded_beta",89,"computed",0.978,0.0199999999999996
"bounded_beta",90,"computed",0.4475,0.0300000000000002
"bounded_beta",91,"computed",0.0935,0.0199999999999996
"bounded_beta",92,"computed",0.389,0.0300000000000002
"bounded_beta",93,"computed",0.8845,0.14
"bounded_beta",94,"computed",0.726,0.0100000000000007
"bounded_beta",95,"computed",0.437,0.00999999999999979
"bounded_beta",96,"computed",0.548,0.0200000000000005
"bounded_beta",97,"computed",0.7765,0.0300000000000002
"bounded_beta",98,"computed",0.647,0.0199999999999996
"bounded_beta",99,"computed",0.3615,0.0300000000000002
"bounded_beta",100,"computed",0.859,0.00999999999999979
"bounded_beta",101,"computed",0.599,0.0200000000000005
"bounded_beta",102,"computed",0.757,0.00999999999999979
"bounded_beta",103,"computed",0.2095,0.0300000000000002
"bounded_beta",104,"computed",0.836,0.0199999999999996
"bounded_beta",105,"computed",0.623,0.0300000000000002
"bounded_beta",106,"computed",0.647,0.00999999999999979
"bounded_beta",107,"computed",0.358,0.0200000000000005
"bounded_beta",108,"computed",0.9825,0.0100000000000007
"bounded_beta",109,"computed",0.833,0.0199999999999996
"bounded_beta",110,"computed",0.1725,0.0200000000000005
"bounded_beta",111,"computed",0.7535,0.00999999999999979
"bounded_beta",112,"computed",0.797,0.04
"bounded_beta",113,"computed",0.3435,0.00999999999999979
"bounded_beta",114,"computed",0.2,0.0300000000000002
"bounded_beta",115,"computed",0.407,0
"bounded_beta",116,"computed",0.5115,0.0300000000000002
"bounded_beta",117,"computed",0.1285,0.00999999999999979
"bounded_beta",118,"computed",0.233,0.04
"bounded_beta",119,"computed",0.4395,0.0100000000000007
"bounded_beta",120,"computed",0.8995,0.0199999999999996
"bounded_beta",121,"computed",0.8635,0.0200000000000005
"bounded_beta",122,"computed",0.1515,0.0300000000000002
"bounded_beta",123,"computed",0.9095,0.0199999999999996
"bounded_beta",124,"computed",0.1245,0.0199999999999996
"bounded_beta",125,"computed",0.805,0.00999999999999979
"bounded_beta",126,"computed",0.3965,0.0300000000000011
"bounded_beta",127,"computed",0.4155,0.0199999999999996
"bounded_beta",128,"computed",0.3765,0.0199999999999996
"bounded_beta",129,"computed",0.834,0.0200000000000014
"bounded_beta",130,"computed",0.0885,0.0199999999999996
"bounded_beta",131,"computed",0.2385,0.0299999999999994
"bounded_beta",132,"computed",0.62,0.0300000000000011
"bounded_beta",133,"computed",0.9395,0.0199999999999996
"bounded_beta",134,"computed",0.646,0.00999999999999979
"bounded_beta",135,"computed",0.792,0
"bounded_beta",136,"computed",0.066,0.0300000000000011
"bounded_beta",137,"computed",0.8025,0.0199999999999996
"bounded_beta",138,"computed",0.3435,0.0299999999999994
"bounded_beta",139,"computed",0.3575,0.0200000000000014
"bounded_beta",140,"computed",0.748,0.0299999999999994
"bounded_beta",141,"computed",0.1065,0.00999999999999979
"bounded_beta",142,"computed",0.97,0.0199999999999996
"bounded_beta",143,"computed",0.442,0.0199999999999996
"bounded_beta",144,"computed",0.5505,0.0199999999999996
"bounded_beta",145,"computed",0.824,0.0199999999999996
"bounded_beta",146,"computed",0.7875,0.00999999999999979
"bounded_beta",147,"computed",0.423,0.00999999999999979
"bounded_beta",148,"computed",0.0455,0.0299999999999994
"bounded_beta",149,"computed",0.647,0.0400000000000009
"bounded_beta",150,"computed",0.7295,0.00999999999999979
"bounded_beta",151,"computed",0.4115,0.0299999999999994
"bounded_beta",152,"computed",0.452,0.0300000000000011
"bounded_beta",153,"computed",0.806,0.0399999999999991
"bounded_beta",154,"computed",0.852,0.00999999999999979
"bounded_beta",155,"computed",0.972,0.00999999999999979
"bounded_beta",156,"computed",0.8445,0.0300000000000011
"bounded_beta",157,"computed",0.169,0.0299999999999994
"bounded_beta",158,"computed",0.2005,0.0199999999999996
"bounded_beta",159,"computed",0.865,0.0200000000000014
"bounded_beta",160,"computed",0.4545,0.0199999999999996
"bounded_beta",161,"computed",0.2485,0.0299999999999994
"bounded_beta",162,"computed",0.112,0.0100000000000016
"bounded_beta",163,"computed",0.9695,0.0199999999999996
"bounded_beta",164,"computed",0.8965,0.00999999999999979
"bounded_beta",165,"computed",0.845,0.0199999999999996
"bounded_beta",166,"computed",0.7665,0.0200000000000014
"bounded_beta",167,"computed",0.2285,0.00999999999999979
"bounded_beta",168,"computed",0.2115,0.0199999999999996
"bounded_beta",169,"computed",0.8735,0.0299999999999994
"bounded_beta",170,"computed",0.95,0.0200000000000014
"bounded_beta",171,"computed",0.7135,0.0299999999999994
"bounded_beta",172,"computed",0.897,0.00999999999999979
"bounded_beta",173,"computed",0.962,0
"bounded_beta",174,"computed",0.726,0.0199999999999996
"bounded_beta",175,"computed",0.8225,0.0199999999999996
"bounded_beta",176,"computed",0.4215,0.0199999999999996
"bounded_beta",177,"computed",0.4575,0.00999999999999979
"bounded_beta",178,"computed",0.9865,0.0200000000000014
"bounded_beta",179,"computed",0.246,0.0199999999999996
"bounded_beta",180,"computed",0.546,0.0299999999999994
"bounded_beta",181,"computed",0.3945,0.0200000000000014
"bounded_beta",182,"computed",0.788,0.0199999999999996
"bounded_beta",183,"computed",0.0315,0.00999999999999979
"bounded_beta",184,"computed",0.315,0.0300000000000011
"bounded_beta",185,"computed",0.8055,0.0199999999999996
"bounded_beta",186,"computed",0.682,0.0299999999999994
"bounded_beta",187,"computed",0.5095,0.0199999999999996
"bounded_beta",188,"computed",0.9745,0.00999999999999979
"bounded_beta",189,"computed",0.461,0.00999999999999979
"bounded_beta",190,"computed",0.6785,0.0199999999999996
"bounded_beta",191,"computed",0.8715,0.0299999999999994
"bounded_beta",192,"computed",0.2055,0.0200000000000014
"bounded_beta",193,"computed",0.572,0.0199999999999996
"bounded_beta",194,"computed",0.5975,0.00999999999999979
"bounded_beta",195,"computed",0.0965,0.0199999999999996
"bounded_beta",196,"computed",0.2875,0.0300000000000011
"bounded_beta",197,"computed",0.8645,0.0199999999999996
"bounded_beta",198,"computed",0.989,0.0199999999999996
"bounded_beta",199,"computed",0.6005,0.00999999999999979
"bounded_beta",200,"computed",0.8915,0.0300000000000011
"bounded_beta",201,"computed",0.7675,0.0199999999999996
"bounded_beta",202,"computed",0.121,0.00999999999999979
"bounded_beta",203,"computed",0.9145,0.0200000000000014
"bounded_beta",204,"computed",0.911,0.0299999999999994
"bounded_beta",205,"computed",0.495,0.00999999999999979
"bounded_beta",206,"computed",0.9705,0.0300000000000011
"bounded_beta",207,"computed",0.3905,0.0199999999999996
"bounded_beta",208,"computed",0.3525,0.00999999999999979
"bounded_beta",209,"computed",0.9235,0.0199999999999996
"bounded_beta",210,"computed",0.529,0.0200000000000014
"bounded_beta",211,"computed",0.236,0.00999999999999979
"bounded_beta",212,"computed",0.128,0.00999999999999979
"bounded_beta",213,"computed",0.857,0.0199999999999996
"bounded_beta",214,"computed",0.87,0.0200000000000014
"bounded_beta",215,"computed",0.749,0.0199999999999996
"bounded_beta",216,"computed",0.852,0.00999999999999979
"bounded_beta",217,"computed",0.4095,0.0100000000000016
"bounded_beta",218,"computed",0.6235,0.0199999999999996
"bounded_beta",219,"computed",0.9005,0.0299999999999994
"bounded_beta",220,"computed",0.8205,0.0199999999999996
"bounded_beta",221,"computed",0.057,0.00999999999999979
"bounded_beta",222,"computed",0.293,0.00999999999999979
"bounded_beta",223,"computed",0.4035,0.0199999999999996
"bounded_beta",224,"computed",0.554,0.00999999999999979
"bounded_beta",225,"computed",0.619,0.0200000000000014
"bounded_beta",226,"computed",0.436,0.00999999999999979
"bounded_beta",227,"computed",0.301,0.0299999999999994
"bounded_beta",228,"computed",0.173,0.0199999999999996
"bounded_beta",229,"computed",0.4845,0.0100000000000016
"bounded_beta",230,"computed",0.486,0.0399999999999991
"bounded_beta",231,"computed",0.352,0.0299999999999994
"bounded_beta",232,"computed",0.8235,0.00999999999999979
"bounded_beta",233,"computed",0.713,0.0300000000000011
"bounded_beta",234,"computed",0.583,0.0199999999999996
"bounded_beta",235,"computed",0.901,0.0299999999999994
"bounded_beta",236,"computed",0.5315,0.0200000000000014
"bounded_beta",237,"computed",0.694,0.00999999999999979
"bounded_beta",238,"computed",0.904,0.00999999999999979
"bounded_beta",239,"computed",0.0115,0.0199999999999996
"bounded_beta",240,"computed",0.467,0.0199999999999996
"bounded_beta",241,"computed",0.627,0.0199999999999996
"bounded_beta",242,"computed",0.3345,0.0299999999999994
"bounded_beta",243,"computed",0.7165,0.00999999999999979
"bounded_beta",244,"computed",0.601,0.0300000000000011
"bounded_beta",245,"computed",0.685,0.0199999999999996
"bounded_beta",246,"computed",0.672,0.0199999999999996
"bounded_beta",247,"computed",0.9065,0.0300000000000011
"bounded_beta",248,"computed",0.761,0.0199999999999996
"bounded_beta",249,"computed",0.0855,0.0199999999999996
"bounded_beta",250,"computed",0.2625,0.0300000000000011
"bounded_beta",251,"computed",0.3235,0.0199999999999996
"bounded_beta",252,"computed",0.849,0.0199999999999996
"bounded_beta",253,"computed",0.057,0.0300000000000011
"bounded_beta",254,"computed",0.25,0.00999999999999979
"bounded_beta",255,"computed",0.1285,0.0299999999999994
"bounded_beta",256,"computed",0.775,0.0199999999999996
"bounded_beta",257,"computed",0.4125,0.00999999999999979
"bounded_beta",258,"computed",0.8715,0.0299999999999994
"bounded_beta",259,"computed",0.179,0.0300000000000011
"bounded_beta",260,"computed",0.126,0.0199999999999996
"bounded_beta",261,"computed",0.3895,0.0299999999999994
"bounded_beta",262,"computed",0.7615,0.0199999999999996
"bounded_beta",263,"computed",0.861,0.0300000000000011
"bounded_beta",264,"computed",0.612,0.00999999999999979
"bounded_beta",265,"computed",0.9775,0.00999999999999979
"bounded_beta",266,"computed",0.956,0.0400000000000009
"bounded_beta",267,"computed",0.62,0.00999999999999979
"bounded_beta",268,"computed",0.786,0.00999999999999979
"bounded_beta",269,"computed",0.2265,0.0100000000000016
"bounded_beta",270,"computed",0.3595,0.0199999999999996
"bounded_beta",271,"computed",0.265,0.0299999999999994
"bounded_beta",272,"computed",0.802,0.0300000000000011
"bounded_beta",273,"computed",0.9015,0.00999999999999979
"bounded_beta",274,"computed",0.102,0.0299999999999994
"bounded_beta",275,"computed",0.896,0.0199999999999996
"bounded_beta",276,"computed",0.998,0.00999999999999979
"bounded_beta",277,"computed",0.6495,0.0299999999999994
"bounded_beta",278,"computed",0.9415,0.0199999999999996
"bounded_beta",279,"computed",0.997,0.0199999999999996
"bounded_beta",280,"computed",0.987,0.00999999999999979
"bounded_beta",281,"computed",0.41,0.0199999999999996
"bounded_beta",282,"computed",0.8055,0.0200000000000014
"bounded_beta",283,"computed",0.7745,0.0299999999999994
"bounded_beta",284,"computed",0.926,0.0299999999999994
"bounded_beta",285,"computed",0.8915,0.0200000000000014
"bounded_beta",286,"computed",0.898,0.0199999999999996
"bounded_beta",287,"computed",0.5265,0.00999999999999979
"bounded_beta",288,"computed",0.8845,0.0100000000000016
"bounded_beta",289,"computed",0.902,0.0399999999999991
"bounded_beta",290,"computed",0.0615,0.00999999999999979
"bounded_beta",291,"computed",0.331,0.0299999999999994
"bounded_beta",292,"computed",0.894,0.0300000000000011
"bounded_beta",293,"computed",0.939,0.0299999999999994
"bounded_beta",294,"computed",0.425,0.0400000000000009
"bounded_beta",295,"computed",0.657,0.0199999999999996
"bounded_beta",296,"computed",0.0245,0.0299999999999994
"bounded_beta",297,"computed",0.885,0.0300000000000011
"bounded_beta",298,"computed",0.8095,0.0199999999999996
"bounded_beta",299,"computed",0.1195,0.0299999999999994
"bounded_beta",300,"computed",0.205,0.0300000000000011
"bounded_beta",301,"computed",0.423,0.00999999999999979
"bounded_beta",302,"computed",0.1695,0.0299999999999994
"bounded_beta",303,"computed",0.496,0.0400000000000009
"bounded_beta",304,"computed",0.966,0.0299999999999994
"bounded_beta",305,"computed",0.915,0.0299999999999994
"bounded_beta",306,"computed",0.847,0.0300000000000011
"bounded_beta",307,"computed",0.071,0.0299999999999994
"bounded_beta",308,"computed",0.1155,0.0299999999999994
"bounded_beta",309,"computed",0.1545,0.0300000000000011
"bounded_beta",310,"computed",0.3305,0.0299999999999994
"bounded_beta",311,"computed",0.614,0.0199999999999996
"bounded_beta",312,"computed",0.523,0.0300000000000011
"bounded_beta",313,"computed",0.7545,0.0299999999999994
"bounded_beta",314,"computed",0.907,0.0300000000000011
"bounded_beta",315,"computed",0.092,0.0399999999999991
"bounded_beta",316,"computed",0.75,0.00999999999999979
"bounded_beta",317,"computed",0.8375,0.00999999999999979
"bounded_beta",318,"computed",0.1155,0.0300000000000011
"bounded_beta",319,"computed",0.94,0.00999999999999979
"bounded_beta",320,"computed",0.8415,0.0200000000000014
"bounded_beta",321,"computed",0.632,0.00999999999999979
"bounded_beta",322,"computed",0.096,0.0299999999999994
"bounded_beta",323,"computed",0.6875,0.0300000000000011
"bounded_beta",324,"computed",0.2555,0.0299999999999994
"bounded_beta",325,"computed",0.4495,0.0299999999999994
"bounded_beta",326,"computed",0.569,0.0300000000000011
"bounded_beta",327,"computed",0.8265,0.0299999999999994
"bounded_beta",328,"computed",0.2585,0.0400000000000009
"bounded_beta",329,"computed",0.2635,0.00999999999999979
"bounded_beta",330,"computed",0.871,0.00999999999999979
"bounded_beta",331,"computed",0.5745,0.0300000000000011
"bounded_beta",332,"computed",0.551,0.0299999999999994
"bounded_beta",333,"computed",0.8655,0.0299999999999994
"bounded_beta",334,"computed",0.767,0.0300000000000011
"bounded_beta",335,"computed",0.928,0.0299999999999994
"bounded_beta",336,"computed",0.943,0.0199999999999996
"bounded_beta",337,"computed",0.47,0.0300000000000011
"bounded_beta",338,"computed",0.2695,0.0299999999999994
"bounded_beta",339,"computed",0.9835,0.0300000000000011
"bounded_beta",340,"computed",0.943,0.0199999999999996
"bounded_beta",341,"computed",0.3535,0.00999999999999979
"bounded_beta",342,"computed",0.996,0.0199999999999996
"bounded_beta",343,"computed",0.162,0.0300000000000011
"bounded_beta",344,"computed",0.5355,0.0299999999999994
"bounded_beta",345,"computed",0.1425,0.00999999999999979
"bounded_beta",346,"computed",0.749,0.0199999999999996
"bounded_beta",347,"computed",0.888,0.00999999999999979
"bounded_beta",348,"computed",0.878,0.00999999999999979
"bounded_beta",349,"computed",0.015,0.0199999999999996
"bounded_beta",350,"computed",0.8995,0.0300000000000011
"bounded_beta",351,"computed",0.4255,0.0199999999999996
"bounded_beta",352,"computed",0.6505,0.0199999999999996
"bounded_beta",353,"computed",0.896,0.00999999999999979
"bounded_beta",354,"computed",0.36,0.00999999999999979
"bounded_beta",355,"computed",0.5495,0.0299999999999994
"bounded_beta",356,"computed",0.8,0.0199999999999996
"bounded_beta",357,"computed",0.4535,0.0300000000000011
"bounded_beta",358,"computed",0.3745,0.0199999999999996
"bounded_beta",359,"computed",0.0575,0.0299999999999994
"bounded_beta",360,"computed",0.929,0.0100000000000016
"bounded_beta",361,"computed",0.3485,0.0399999999999991
"bounded_beta",362,"computed",0.3325,0.00999999999999979
"bounded_beta",363,"computed",0.967,0.0299999999999994
"bounded_beta",364,"computed",0.156,0.0200000000000014
"bounded_beta",365,"computed",0.8565,0.00999999999999979
"bounded_beta",366,"computed",0.997,0.00999999999999979
"bounded_beta",367,"computed",0.115,0.0199999999999996
"bounded_beta",368,"computed",0.74,0.00999999999999979
"bounded_beta",369,"computed",0.8575,0.0199999999999996
"bounded_beta",370,"computed",0.2285,0.0199999999999996
"bounded_beta",371,"computed",0.761,0.0100000000000016
"bounded_beta",372,"computed",0.6245,0.0199999999999996
"bounded_beta",373,"computed",0.5505,0.0199999999999996
"bounded_beta",374,"computed",0.5365,0.00999999999999979
"bounded_beta",375,"computed",0.4395,0.00999999999999979
"bounded_beta",376,"computed",0.968,0.0199999999999996
"bounded_beta",377,"computed",0.7145,0.0199999999999996
"bounded_beta",378,"computed",0.6695,0.0200000000000014
"bounded_beta",379,"computed",0.6995,0.0199999999999996
"bounded_beta",380,"computed",0.239,0.00999999999999979
"bounded_beta",381,"computed",0.5835,0.0100000000000016
"bounded_beta",382,"computed",0.7305,0.0399999999999991
"bounded_beta",383,"computed",0.3335,0.00999999999999979
"bounded_beta",384,"computed",0.9595,0.0199999999999996
"bounded_beta",385,"computed",0.6475,0.0200000000000014
"bounded_beta",386,"computed",0.5105,0.00999999999999979
"bounded_beta",387,"computed",0.051,0.0299999999999994
"bounded_beta",388,"computed",0.301,0.0199999999999996
"bounded_beta",389,"computed",0.021,0.00999999999999979
"bounded_beta",390,"computed",0.1435,0.0199999999999996
"bounded_beta",391,"computed",0.0875,0.0299999999999994
"bounded_beta",392,"computed",0.0625,0.0100000000000016
"bounded_beta",393,"computed",0.7515,0.0399999999999991
"bounded_beta",394,"computed",0.486,0.00999999999999979
"bounded_beta",395,"computed",0.1215,0.0299999999999994
"bounded_beta",396,"computed",0.871,0.0200000000000014
"bounded_beta",397,"computed",0.524,0.0299999999999994
"bounded_beta",398,"computed",0.4055,0.00999999999999979
"bounded_beta",399,"computed",0.116,0.0400000000000009
"bounded_beta",400,"computed",0.33,0.0299999999999994
"coarse_quartiles",2,"validation_refusal",NA,0.00999999999999979
"coarse_quartiles",3,"validation_refusal",NA,0
"coarse_quartiles",4,"validation_refusal",NA,0.0199999999999996
"coarse_quartiles",5,"validation_refusal",NA,0.0100000000000016
"coarse_quartiles",6,"validation_refusal",NA,0
"coarse_quartiles",7,"validation_refusal",NA,0.0199999999999996
"coarse_quartiles",8,"validation_refusal",NA,0
"coarse_quartiles",9,"validation_refusal",NA,0.0199999999999996
"coarse_quartiles",10,"validation_refusal",NA,0
"coarse_quartiles",11,"validation_refusal",NA,0
"coarse_quartiles",12,"validation_refusal",NA,0
"coarse_quartiles",13,"validation_refusal",NA,0
"coarse_quartiles",14,"validation_refusal",NA,0
"coarse_quartiles",15,"validation_refusal",NA,0
"coarse_quartiles",16,"validation_refusal",NA,0
"coarse_quartiles",17,"validation_refusal",NA,0.0200000000000014
"coarse_quartiles",18,"validation_refusal",NA,0
"coarse_quartiles",19,"validation_refusal",NA,0
"coarse_quartiles",20,"validation_refusal",NA,0
"coarse_quartiles",21,"validation_refusal",NA,0
"coarse_quartiles",22,"validation_refusal",NA,0.0199999999999996
"coarse_quartiles",23,"validation_refusal",NA,0.00999999999999979
"coarse_quartiles",24,"validation_refusal",NA,0
"coarse_quartiles",25,"validation_refusal",NA,0
"coarse_quartiles",26,"validation_refusal",NA,0
"coarse_quartiles",27,"validation_refusal",NA,0
"coarse_quartiles",28,"validation_refusal",NA,0
"coarse_quartiles",29,"validation_refusal",NA,0
"coarse_quartiles",30,"validation_refusal",NA,0.00999999999999979
"coarse_quartiles",31,"validation_refusal",NA,0
"coarse_quartiles",32,"validation_refusal",NA,0.0199999999999996
"coarse_quartiles",33,"validation_refusal",NA,0
"coarse_quartiles",34,"validation_refusal",NA,0
"coarse_quartiles",35,"validation_refusal",NA,0
"coarse_quartiles",36,"validation_refusal",NA,0
"coarse_quartiles",37,"validation_refusal",NA,0
"coarse_quartiles",38,"validation_refusal",NA,0
"coarse_quartiles",39,"validation_refusal",NA,0
"coarse_quartiles",40,"validation_refusal",NA,0.0199999999999996
"coarse_quartiles",41,"validation_refusal",NA,0
"coarse_quartiles",42,"validation_refusal",NA,0
"coarse_quartiles",43,"validation_refusal",NA,0
"coarse_quartiles",44,"validation_refusal",NA,0
"coarse_quartiles",45,"validation_refusal",NA,0.00999999999999979
"coarse_quartiles",46,"validation_refusal",NA,0
"coarse_quartiles",47,"validation_refusal",NA,0.0199999999999996
"coarse_quartiles",48,"validation_refusal",NA,0.00999999999999979
"coarse_quartiles",49,"validation_refusal",NA,0
"coarse_quartiles",50,"validation_refusal",NA,0
"coarse_quartiles",51,"validation_refusal",NA,0
"coarse_quartiles",52,"validation_refusal",NA,0
"coarse_quartiles",53,"validation_refusal",NA,0.00999999999999979
"coarse_quartiles",54,"validation_refusal",NA,0
"coarse_quartiles",55,"validation_refusal",NA,0
"coarse_quartiles",56,"validation_refusal",NA,0
"coarse_quartiles",57,"validation_refusal",NA,0.00999999999999979
"coarse_quartiles",58,"validation_refusal",NA,0
"coarse_quartiles",59,"validation_refusal",NA,0.0199999999999996
"coarse_quartiles",60,"validation_refusal",NA,0
"coarse_quartiles",61,"validation_refusal",NA,0.0200000000000014
"coarse_quartiles",62,"validation_refusal",NA,0
"coarse_quartiles",63,"validation_refusal",NA,0.00999999999999979
"coarse_quartiles",64,"validation_refusal",NA,0
"coarse_quartiles",65,"validation_refusal",NA,0.0199999999999996
"coarse_quartiles",66,"validation_refusal",NA,0
"coarse_quartiles",67,"computed",0.6665,0.0299999999999994
"coarse_quartiles",68,"validation_refusal",NA,0
"coarse_quartiles",69,"validation_refusal",NA,0
"coarse_quartiles",70,"validation_refusal",NA,0
"coarse_quartiles",71,"validation_refusal",NA,0
"coarse_quartiles",72,"validation_refusal",NA,0
"coarse_quartiles",73,"validation_refusal",NA,0
"coarse_quartiles",74,"validation_refusal",NA,0
"coarse_quartiles",75,"validation_refusal",NA,0.0199999999999996
"coarse_quartiles",76,"validation_refusal",NA,0
"coarse_quartiles",77,"validation_refusal",NA,0.00999999999999979
"coarse_quartiles",78,"validation_refusal",NA,0.0200000000000014
"coarse_quartiles",79,"validation_refusal",NA,0.00999999999999979
"coarse_quartiles",80,"validation_refusal",NA,0.0199999999999996
"coarse_quartiles",81,"validation_refusal",NA,0
"coarse_quartiles",82,"validation_refusal",NA,0.00999999999999979
"coarse_quartiles",83,"validation_refusal",NA,0.0199999999999996
"coarse_quartiles",84,"validation_refusal",NA,0
"coarse_quartiles",85,"computed",0.99,0.0300000000000011
"coarse_quartiles",86,"validation_refusal",NA,0
"coarse_quartiles",87,"validation_refusal",NA,0
"coarse_quartiles",88,"validation_refusal",NA,0
"coarse_quartiles",89,"validation_refusal",NA,0
"coarse_quartiles",90,"validation_refusal",NA,0
"coarse_quartiles",91,"validation_refusal",NA,0.0199999999999996
"coarse_quartiles",92,"validation_refusal",NA,0
"coarse_quartiles",93,"validation_refusal",NA,0.0100000000000016
"coarse_quartiles",94,"computed",0.7795,0.0199999999999996
"coarse_quartiles",95,"validation_refusal",NA,0
"coarse_quartiles",96,"validation_refusal",NA,0
"coarse_quartiles",97,"validation_refusal",NA,0
"coarse_quartiles",98,"validation_refusal",NA,0
"coarse_quartiles",99,"validation_refusal",NA,0
"coarse_quartiles",100,"validation_refusal",NA,0
"coarse_quartiles",101,"validation_refusal",NA,0
"coarse_quartiles",102,"validation_refusal",NA,0
"coarse_quartiles",103,"validation_refusal",NA,0.0200000000000014
"coarse_quartiles",104,"validation_refusal",NA,0
"coarse_quartiles",105,"validation_refusal",NA,0.00999999999999979
"coarse_quartiles",106,"validation_refusal",NA,0
"coarse_quartiles",107,"validation_refusal",NA,0.0199999999999996
"coarse_quartiles",108,"validation_refusal",NA,0
"coarse_quartiles",109,"validation_refusal",NA,0.00999999999999979
"coarse_quartiles",110,"validation_refusal",NA,0
"coarse_quartiles",111,"validation_refusal",NA,0.0200000000000014
"coarse_quartiles",112,"validation_refusal",NA,0
"coarse_quartiles",113,"validation_refusal",NA,0.00999999999999979
"coarse_quartiles",114,"validation_refusal",NA,0
"coarse_quartiles",115,"validation_refusal",NA,0
"coarse_quartiles",116,"validation_refusal",NA,0
"coarse_quartiles",117,"validation_refusal",NA,0
"coarse_quartiles",118,"validation_refusal",NA,0
"coarse_quartiles",119,"validation_refusal",NA,0
"coarse_quartiles",120,"validation_refusal",NA,0
"coarse_quartiles",121,"validation_refusal",NA,0
"coarse_quartiles",122,"computed",0.346,0.0199999999999996
"coarse_quartiles",123,"validation_refusal",NA,0.0199999999999996
"coarse_quartiles",124,"validation_refusal",NA,0
"coarse_quartiles",125,"validation_refusal",NA,0
"coarse_quartiles",126,"validation_refusal",NA,0.0199999999999996
"coarse_quartiles",127,"validation_refusal",NA,0
"coarse_quartiles",128,"validation_refusal",NA,0.00999999999999801
"coarse_quartiles",129,"validation_refusal",NA,0
"coarse_quartiles",130,"validation_refusal",NA,0.0199999999999996
"coarse_quartiles",131,"validation_refusal",NA,0
"coarse_quartiles",132,"computed",0.313,0.0300000000000011
"coarse_quartiles",133,"validation_refusal",NA,0
"coarse_quartiles",134,"validation_refusal",NA,0.0100000000000016
"coarse_quartiles",135,"validation_refusal",NA,0
"coarse_quartiles",136,"validation_refusal",NA,0
"coarse_quartiles",137,"validation_refusal",NA,0
"coarse_quartiles",138,"validation_refusal",NA,0
"coarse_quartiles",139,"validation_refusal",NA,0
"coarse_quartiles",140,"validation_refusal",NA,0
"coarse_quartiles",141,"validation_refusal",NA,0
"coarse_quartiles",142,"validation_refusal",NA,0.00999999999999801
"coarse_quartiles",143,"validation_refusal",NA,0
"coarse_quartiles",144,"validation_refusal",NA,0.0199999999999996
"coarse_quartiles",145,"validation_refusal",NA,0
"coarse_quartiles",146,"validation_refusal",NA,0.0100000000000016
"coarse_quartiles",147,"validation_refusal",NA,0
"coarse_quartiles",148,"validation_refusal",NA,0.0199999999999996
"coarse_quartiles",149,"validation_refusal",NA,0
"coarse_quartiles",150,"validation_refusal",NA,0.0199999999999996
"coarse_quartiles",151,"validation_refusal",NA,0
"coarse_quartiles",152,"validation_refusal",NA,0.0100000000000016
"coarse_quartiles",153,"validation_refusal",NA,0
"coarse_quartiles",154,"validation_refusal",NA,0
"coarse_quartiles",155,"validation_refusal",NA,0
"coarse_quartiles",156,"validation_refusal",NA,0
"coarse_quartiles",157,"validation_refusal",NA,0
"coarse_quartiles",158,"validation_refusal",NA,0
"coarse_quartiles",159,"validation_refusal",NA,0
"coarse_quartiles",160,"validation_refusal",NA,0
"coarse_quartiles",161,"validation_refusal",NA,0.0100000000000016
"coarse_quartiles",162,"validation_refusal",NA,0
"coarse_quartiles",163,"validation_refusal",NA,0
"coarse_quartiles",164,"validation_refusal",NA,0
"coarse_quartiles",165,"validation_refusal",NA,0
"coarse_quartiles",166,"validation_refusal",NA,0.0100000000000016
"coarse_quartiles",167,"validation_refusal",NA,0
"coarse_quartiles",168,"validation_refusal",NA,0
"coarse_quartiles",169,"validation_refusal",NA,0
"coarse_quartiles",170,"validation_refusal",NA,0.0199999999999996
"coarse_quartiles",171,"validation_refusal",NA,0.0199999999999996
"coarse_quartiles",172,"validation_refusal",NA,0
"coarse_quartiles",173,"validation_refusal",NA,0
"coarse_quartiles",174,"validation_refusal",NA,0
"coarse_quartiles",175,"validation_refusal",NA,0.0200000000000031
"coarse_quartiles",176,"validation_refusal",NA,0
"coarse_quartiles",177,"validation_refusal",NA,0
"coarse_quartiles",178,"validation_refusal",NA,0
"coarse_quartiles",179,"validation_refusal",NA,0
"coarse_quartiles",180,"validation_refusal",NA,0.0299999999999976
"coarse_quartiles",181,"validation_refusal",NA,0
"coarse_quartiles",182,"validation_refusal",NA,0
"coarse_quartiles",183,"validation_refusal",NA,0.0100000000000016
"coarse_quartiles",184,"validation_refusal",NA,0
"coarse_quartiles",185,"validation_refusal",NA,0.0199999999999996
"coarse_quartiles",186,"validation_refusal",NA,0
"coarse_quartiles",187,"validation_refusal",NA,0
"coarse_quartiles",188,"validation_refusal",NA,0
"coarse_quartiles",189,"validation_refusal",NA,0.0199999999999996
"coarse_quartiles",190,"validation_refusal",NA,0
"coarse_quartiles",191,"validation_refusal",NA,0
"coarse_quartiles",192,"validation_refusal",NA,0.0199999999999996
"coarse_quartiles",193,"validation_refusal",NA,0
"coarse_quartiles",194,"validation_refusal",NA,0
"coarse_quartiles",195,"validation_refusal",NA,0
"coarse_quartiles",196,"validation_refusal",NA,0.00999999999999801
"coarse_quartiles",197,"validation_refusal",NA,0
"coarse_quartiles",198,"validation_refusal",NA,0
"coarse_quartiles",199,"validation_refusal",NA,0
"coarse_quartiles",200,"validation_refusal",NA,0.0100000000000016
"coarse_quartiles",201,"validation_refusal",NA,0
"coarse_quartiles",202,"validation_refusal",NA,0.0199999999999996
"coarse_quartiles",203,"validation_refusal",NA,0.0100000000000016
"coarse_quartiles",204,"validation_refusal",NA,0
"coarse_quartiles",205,"validation_refusal",NA,0.0199999999999996
"coarse_quartiles",206,"validation_refusal",NA,0
"coarse_quartiles",207,"validation_refusal",NA,0
"coarse_quartiles",208,"validation_refusal",NA,0
"coarse_quartiles",209,"validation_refusal",NA,0
"coarse_quartiles",210,"validation_refusal",NA,0
"coarse_quartiles",211,"validation_refusal",NA,0.00999999999999801
"coarse_quartiles",212,"validation_refusal",NA,0.0200000000000031
"coarse_quartiles",213,"validation_refusal",NA,0
"coarse_quartiles",214,"validation_refusal",NA,0
"coarse_quartiles",215,"validation_refusal",NA,0
"coarse_quartiles",216,"validation_refusal",NA,0.00999999999999801
"coarse_quartiles",217,"validation_refusal",NA,0
"coarse_quartiles",218,"validation_refusal",NA,0.0100000000000016
"coarse_quartiles",219,"validation_refusal",NA,0
"coarse_quartiles",220,"validation_refusal",NA,0.0199999999999996
"coarse_quartiles",221,"validation_refusal",NA,0
"coarse_quartiles",222,"validation_refusal",NA,0.0199999999999996
"coarse_quartiles",223,"validation_refusal",NA,0
"coarse_quartiles",224,"validation_refusal",NA,0.0100000000000016
"coarse_quartiles",225,"validation_refusal",NA,0
"coarse_quartiles",226,"validation_refusal",NA,0.0199999999999996
"coarse_quartiles",227,"validation_refusal",NA,0
"coarse_quartiles",228,"computed",0.9,0.0199999999999996
"coarse_quartiles",229,"validation_refusal",NA,0.0100000000000016
"coarse_quartiles",230,"validation_refusal",NA,0
"coarse_quartiles",231,"validation_refusal",NA,0.0199999999999996
"coarse_quartiles",232,"validation_refusal",NA,0.0100000000000016
"coarse_quartiles",233,"validation_refusal",NA,0
"coarse_quartiles",234,"validation_refusal",NA,0.0199999999999996
"coarse_quartiles",235,"validation_refusal",NA,0.0199999999999996
"coarse_quartiles",236,"computed",0.9745,0.0300000000000011
"coarse_quartiles",237,"validation_refusal",NA,0
"coarse_quartiles",238,"validation_refusal",NA,0
"coarse_quartiles",239,"validation_refusal",NA,0.0199999999999996
"coarse_quartiles",240,"validation_refusal",NA,0
"coarse_quartiles",241,"validation_refusal",NA,0
"coarse_quartiles",242,"validation_refusal",NA,0.0199999999999996
"coarse_quartiles",243,"validation_refusal",NA,0
"coarse_quartiles",244,"validation_refusal",NA,0
"coarse_quartiles",245,"validation_refusal",NA,0.0100000000000016
"coarse_quartiles",246,"validation_refusal",NA,0
"coarse_quartiles",247,"validation_refusal",NA,0.0199999999999996
"coarse_quartiles",248,"validation_refusal",NA,0
"coarse_quartiles",249,"validation_refusal",NA,0.00999999999999801
"coarse_quartiles",250,"validation_refusal",NA,0.0199999999999996
"coarse_quartiles",251,"validation_refusal",NA,0
"coarse_quartiles",252,"validation_refusal",NA,0.0100000000000016
"coarse_quartiles",253,"validation_refusal",NA,0
"coarse_quartiles",254,"validation_refusal",NA,0
"coarse_quartiles",255,"validation_refusal",NA,0.0199999999999996
"coarse_quartiles",256,"validation_refusal",NA,0
"coarse_quartiles",257,"validation_refusal",NA,0
"coarse_quartiles",258,"validation_refusal",NA,0
"coarse_quartiles",259,"validation_refusal",NA,0.0199999999999996
"coarse_quartiles",260,"validation_refusal",NA,0
"coarse_quartiles",261,"validation_refusal",NA,0.00999999999999801
"coarse_quartiles",262,"validation_refusal",NA,0
"coarse_quartiles",263,"validation_refusal",NA,0
"coarse_quartiles",264,"computed",0.8095,0.0199999999999996
"coarse_quartiles",265,"validation_refusal",NA,0.0100000000000016
"coarse_quartiles",266,"validation_refusal",NA,0
"coarse_quartiles",267,"validation_refusal",NA,0.0199999999999996
"coarse_quartiles",268,"computed",0.205,0.0300000000000011
"coarse_quartiles",269,"validation_refusal",NA,0.00999999999999801
"coarse_quartiles",270,"validation_refusal",NA,0
"coarse_quartiles",271,"validation_refusal",NA,0
"coarse_quartiles",272,"validation_refusal",NA,0.0100000000000016
"coarse_quartiles",273,"validation_refusal",NA,0
"coarse_quartiles",274,"validation_refusal",NA,0.0199999999999996
"coarse_quartiles",275,"validation_refusal",NA,0
"coarse_quartiles",276,"validation_refusal",NA,0
"coarse_quartiles",277,"validation_refusal",NA,0.0199999999999996
"coarse_quartiles",278,"validation_refusal",NA,0
"coarse_quartiles",279,"validation_refusal",NA,0
"coarse_quartiles",280,"validation_refusal",NA,0.00999999999999801
"coarse_quartiles",281,"validation_refusal",NA,0
"coarse_quartiles",282,"validation_refusal",NA,0
"coarse_quartiles",283,"validation_refusal",NA,0.00999999999999801
"coarse_quartiles",284,"validation_refusal",NA,0
"coarse_quartiles",285,"validation_refusal",NA,0.0199999999999996
"coarse_quartiles",286,"validation_refusal",NA,0
"coarse_quartiles",287,"validation_refusal",NA,0
"coarse_quartiles",288,"validation_refusal",NA,0.0199999999999996
"coarse_quartiles",289,"validation_refusal",NA,0
"coarse_quartiles",290,"validation_refusal",NA,0.0199999999999996
"coarse_quartiles",291,"validation_refusal",NA,0.0100000000000016
"coarse_quartiles",292,"validation_refusal",NA,0
"coarse_quartiles",293,"validation_refusal",NA,0
"coarse_quartiles",294,"validation_refusal",NA,0.00999999999999801
"coarse_quartiles",295,"validation_refusal",NA,0
"coarse_quartiles",296,"validation_refusal",NA,0.0100000000000016
"coarse_quartiles",297,"validation_refusal",NA,0
"coarse_quartiles",298,"validation_refusal",NA,0.0199999999999996
"coarse_quartiles",299,"validation_refusal",NA,0
"coarse_quartiles",300,"validation_refusal",NA,0.0100000000000016
"coarse_quartiles",301,"validation_refusal",NA,0.0199999999999996
"coarse_quartiles",302,"validation_refusal",NA,0
"coarse_quartiles",303,"validation_refusal",NA,0
"coarse_quartiles",304,"validation_refusal",NA,0
"coarse_quartiles",305,"validation_refusal",NA,0
"coarse_quartiles",306,"validation_refusal",NA,0
"coarse_quartiles",307,"validation_refusal",NA,0.0200000000000031
"coarse_quartiles",308,"validation_refusal",NA,0
"coarse_quartiles",309,"validation_refusal",NA,0.00999999999999801
"coarse_quartiles",310,"validation_refusal",NA,0
"coarse_quartiles",311,"validation_refusal",NA,0
"coarse_quartiles",312,"validation_refusal",NA,0.0100000000000016
"coarse_quartiles",313,"validation_refusal",NA,0
"coarse_quartiles",314,"validation_refusal",NA,0
"coarse_quartiles",315,"validation_refusal",NA,0
"coarse_quartiles",316,"validation_refusal",NA,0
"coarse_quartiles",317,"validation_refusal",NA,0.0199999999999996
"coarse_quartiles",318,"validation_refusal",NA,0
"coarse_quartiles",319,"validation_refusal",NA,0.0100000000000016
"coarse_quartiles",320,"validation_refusal",NA,0
"coarse_quartiles",321,"validation_refusal",NA,0.0199999999999996
"coarse_quartiles",322,"validation_refusal",NA,0
"coarse_quartiles",323,"validation_refusal",NA,0
"coarse_quartiles",324,"validation_refusal",NA,0.0199999999999996
"coarse_quartiles",325,"validation_refusal",NA,0
"coarse_quartiles",326,"validation_refusal",NA,0
"coarse_quartiles",327,"validation_refusal",NA,0.0199999999999996
"coarse_quartiles",328,"validation_refusal",NA,0
"coarse_quartiles",329,"validation_refusal",NA,0
"coarse_quartiles",330,"validation_refusal",NA,0.0199999999999996
"coarse_quartiles",331,"validation_refusal",NA,0
"coarse_quartiles",332,"validation_refusal",NA,0.0199999999999996
"coarse_quartiles",333,"validation_refusal",NA,0.00999999999999801
"coarse_quartiles",334,"validation_refusal",NA,0
"coarse_quartiles",335,"validation_refusal",NA,0
"coarse_quartiles",336,"validation_refusal",NA,0.0200000000000031
"coarse_quartiles",337,"validation_refusal",NA,0.00999999999999801
"coarse_quartiles",338,"validation_refusal",NA,0
"coarse_quartiles",339,"validation_refusal",NA,0.0199999999999996
"coarse_quartiles",340,"validation_refusal",NA,0.0100000000000016
"coarse_quartiles",341,"validation_refusal",NA,0
"coarse_quartiles",342,"validation_refusal",NA,0
"coarse_quartiles",343,"validation_refusal",NA,0.0199999999999996
"coarse_quartiles",344,"validation_refusal",NA,0.0100000000000016
"coarse_quartiles",345,"validation_refusal",NA,0
"coarse_quartiles",346,"validation_refusal",NA,0
"coarse_quartiles",347,"validation_refusal",NA,0
"coarse_quartiles",348,"validation_refusal",NA,0
"coarse_quartiles",349,"validation_refusal",NA,0.00999999999999801
"coarse_quartiles",350,"validation_refusal",NA,0
"coarse_quartiles",351,"validation_refusal",NA,0
"coarse_quartiles",352,"validation_refusal",NA,0
"coarse_quartiles",353,"validation_refusal",NA,0
"coarse_quartiles",354,"validation_refusal",NA,0.0100000000000016
"coarse_quartiles",355,"validation_refusal",NA,0
"coarse_quartiles",356,"validation_refusal",NA,0.0199999999999996
"coarse_quartiles",357,"validation_refusal",NA,0
"coarse_quartiles",358,"validation_refusal",NA,0.0300000000000011
"coarse_quartiles",359,"validation_refusal",NA,0
"coarse_quartiles",360,"validation_refusal",NA,0.0199999999999996
"coarse_quartiles",361,"validation_refusal",NA,0
"coarse_quartiles",362,"validation_refusal",NA,0.00999999999999801
"coarse_quartiles",363,"validation_refusal",NA,0
"coarse_quartiles",364,"validation_refusal",NA,0.0200000000000031
"coarse_quartiles",365,"validation_refusal",NA,0
"coarse_quartiles",366,"validation_refusal",NA,0
"coarse_quartiles",367,"validation_refusal",NA,0
"coarse_quartiles",368,"validation_refusal",NA,0.0199999999999996
"coarse_quartiles",369,"validation_refusal",NA,0
"coarse_quartiles",370,"validation_refusal",NA,0
"coarse_quartiles",371,"validation_refusal",NA,0
"coarse_quartiles",372,"validation_refusal",NA,0
"coarse_quartiles",373,"validation_refusal",NA,0
"coarse_quartiles",374,"validation_refusal",NA,0.0100000000000016
"coarse_quartiles",375,"validation_refusal",NA,0
"coarse_quartiles",376,"validation_refusal",NA,0
"coarse_quartiles",377,"validation_refusal",NA,0
"coarse_quartiles",378,"validation_refusal",NA,0.00999999999999801
"coarse_quartiles",379,"validation_refusal",NA,0
"coarse_quartiles",380,"validation_refusal",NA,0.0199999999999996
"coarse_quartiles",381,"validation_refusal",NA,0
"coarse_quartiles",382,"validation_refusal",NA,0.0100000000000016
"coarse_quartiles",383,"validation_refusal",NA,0
"coarse_quartiles",384,"validation_refusal",NA,0.0199999999999996
"coarse_quartiles",385,"validation_refusal",NA,0
"coarse_quartiles",386,"validation_refusal",NA,0
"coarse_quartiles",387,"validation_refusal",NA,0.0100000000000016
"coarse_quartiles",388,"validation_refusal",NA,0.0199999999999996
"coarse_quartiles",389,"validation_refusal",NA,0
"coarse_quartiles",390,"validation_refusal",NA,0
"coarse_quartiles",391,"validation_refusal",NA,0
"coarse_quartiles",392,"validation_refusal",NA,0.0200000000000031
"coarse_quartiles",393,"validation_refusal",NA,0
"coarse_quartiles",394,"validation_refusal",NA,0
"coarse_quartiles",395,"validation_refusal",NA,0
"coarse_quartiles",396,"validation_refusal",NA,0
"coarse_quartiles",397,"validation_refusal",NA,0
"coarse_quartiles",398,"validation_refusal",NA,0
"coarse_quartiles",399,"validation_refusal",NA,0.0199999999999996
"coarse_quartiles",400,"validation_refusal",NA,0
"six_arm_normal",2,"computed",0.025,0.0300000000000011
"six_arm_normal",3,"computed",0.884,0.0199999999999996
"six_arm_normal",4,"computed",0.669,0.00999999999999801
"six_arm_normal",5,"computed",0.52,0.0199999999999996
"six_arm_normal",6,"computed",0.42,0.0100000000000016
"six_arm_normal",7,"computed",0.388,0.0300000000000011
"six_arm_normal",8,"computed",0.617,0.0199999999999996
"six_arm_normal",9,"computed",0.719,0.00999999999999801
"six_arm_normal",10,"computed",0.666,0.0300000000000011
"six_arm_normal",11,"computed",0.988,0.0199999999999996
"six_arm_normal",12,"computed",0.35,0.0300000000000011
"six_arm_normal",13,"computed",0.832,0
"six_arm_normal",14,"computed",0.688,0
"six_arm_normal",15,"computed",0.152,0.0300000000000011
"six_arm_normal",16,"computed",0.721,0
"six_arm_normal",17,"computed",0.98,0.0300000000000011
"six_arm_normal",18,"computed",0.299,0.0300000000000011
"six_arm_normal",19,"computed",0.77,0.0199999999999996
"six_arm_normal",20,"computed",0.318,0.0199999999999996
"six_arm_normal",21,"computed",0.772,0.00999999999999801
"six_arm_normal",22,"computed",0.546,0.00999999999999801
"six_arm_normal",23,"computed",0.073,0.0199999999999996
"six_arm_normal",24,"computed",0.973,0.0100000000000016
"six_arm_normal",25,"computed",0.275,0.0399999999999991
"six_arm_normal",26,"computed",0.433,0.0100000000000016
"six_arm_normal",27,"computed",0.171,0.0299999999999976
"six_arm_normal",28,"computed",0.908,0.0199999999999996
"six_arm_normal",29,"computed",0.115,0.0300000000000011
"six_arm_normal",30,"computed",0.891,0.0300000000000011
"six_arm_normal",31,"computed",0.03,0.0300000000000011
"six_arm_normal",32,"computed",0.274,0.0299999999999976
"six_arm_normal",33,"computed",0.423,0.0100000000000016
"six_arm_normal",34,"computed",0.003,0.0100000000000016
"six_arm_normal",35,"computed",0.189,0.0199999999999996
"six_arm_normal",36,"computed",0.266,0.0299999999999976
"six_arm_normal",37,"computed",0.828,0.0100000000000016
"six_arm_normal",38,"computed",0.057,0.0300000000000011
"six_arm_normal",39,"computed",0.891,0.0199999999999996
"six_arm_normal",40,"computed",0.016,0.0199999999999996
"six_arm_normal",41,"computed",0.091,0.0200000000000031
"six_arm_normal",42,"computed",0.746,0.0299999999999976
"six_arm_normal",43,"computed",0.916,0.0100000000000016
"six_arm_normal",44,"computed",0.999,0.0199999999999996
"six_arm_normal",45,"computed",0.032,0.0100000000000016
"six_arm_normal",46,"computed",0.495,0.0199999999999996
"six_arm_normal",47,"computed",0.445,0.00999999999999801
"six_arm_normal",48,"computed",0.22,0.0100000000000016
"six_arm_normal",49,"computed",0.687,0
"six_arm_normal",50,"computed",0.264,0
"six_arm_normal",51,"computed",0.423,0.0300000000000011
"six_arm_normal",52,"computed",0.019,0.0199999999999996
"six_arm_normal",53,"computed",0.872,0.0300000000000011
"six_arm_normal",54,"computed",0.178,0.00999999999999801
"six_arm_normal",55,"computed",0.709,0.0199999999999996
"six_arm_normal",56,"computed",0.349,0.0100000000000016
"six_arm_normal",57,"computed",0.372,0.0399999999999991
"six_arm_normal",58,"computed",0.812,0.0300000000000011
"six_arm_normal",59,"computed",0.198,0
"six_arm_normal",60,"computed",0.068,0.0199999999999996
"six_arm_normal",61,"computed",0.002,0.0100000000000016
"six_arm_normal",62,"computed",0.841,0.0199999999999996
"six_arm_normal",63,"computed",0.686,0.0300000000000011
"six_arm_normal",64,"computed",0.306,0.0199999999999996
"six_arm_normal",65,"computed",0.276,0.00999999999999801
"six_arm_normal",66,"computed",0.814,0.0200000000000031
"six_arm_normal",67,"computed",0.845,0.0299999999999976
"six_arm_normal",68,"computed",0.327,0.0100000000000016
"six_arm_normal",69,"computed",0.87,0.0399999999999991
"six_arm_normal",70,"computed",0.894,0.0100000000000016
"six_arm_normal",71,"computed",0.863,0.0199999999999996
"six_arm_normal",72,"computed",0.414,0.00999999999999801
"six_arm_normal",73,"computed",0.42,0.0199999999999996
"six_arm_normal",74,"computed",0.935,0
"six_arm_normal",75,"computed",0.352,0.0199999999999996
"six_arm_normal",76,"computed",0.346,0.0100000000000016
"six_arm_normal",77,"computed",0.442,0.0199999999999996
"six_arm_normal",78,"computed",0.272,0.0300000000000011
"six_arm_normal",79,"computed",0.036,0.00999999999999801
"six_arm_normal",80,"computed",0.134,0.0199999999999996
"six_arm_normal",81,"computed",0.666,0
"six_arm_normal",82,"computed",0.759,0.0199999999999996
"six_arm_normal",83,"computed",0.96,0.0199999999999996
"six_arm_normal",84,"computed",0.431,0.0100000000000016
"six_arm_normal",85,"computed",0.935,0.0199999999999996
"six_arm_normal",86,"computed",0.613,0.0299999999999976
"six_arm_normal",87,"computed",0.315,0.0100000000000016
"six_arm_normal",88,"computed",0.012,0.0300000000000011
"six_arm_normal",89,"computed",0.829,0
"six_arm_normal",90,"computed",0.17,0.0499999999999972
"six_arm_normal",91,"computed",0.402,0.0200000000000031
"six_arm_normal",92,"computed",0.305,0.00999999999999801
"six_arm_normal",93,"computed",0.491,0.0199999999999996
"six_arm_normal",94,"computed",0.658,0.0100000000000016
"six_arm_normal",95,"computed",0.994,0
"six_arm_normal",96,"computed",0.728,0.0199999999999996
"six_arm_normal",97,"computed",0.388,0.0300000000000011
"six_arm_normal",98,"computed",0.871,0.00999999999999801
"six_arm_normal",99,"computed",0.759,0.0199999999999996
"six_arm_normal",100,"computed",0.757,0.0300000000000011
"six_arm_normal",101,"computed",0.395,0
"six_arm_normal",102,"computed",0.219,0.0399999999999991
"six_arm_normal",103,"computed",0.102,0.00999999999999801
"six_arm_normal",104,"computed",0.751,0.00999999999999801
"six_arm_normal",105,"computed",0.436,0.0199999999999996
"six_arm_normal",106,"computed",0.406,0.0199999999999996
"six_arm_normal",107,"computed",0.414,0.0300000000000011
"six_arm_normal",108,"computed",0.9,0.0299999999999976
"six_arm_normal",109,"computed",0.505,0.0300000000000011
"six_arm_normal",110,"computed",0.841,0
"six_arm_normal",111,"computed",0.353,0.0299999999999976
"six_arm_normal",112,"computed",0.8,0
"six_arm_normal",113,"computed",0.689,0.0299999999999976
"six_arm_normal",114,"computed",0.591,0.0300000000000011
"six_arm_normal",115,"computed",0.68,0.0199999999999996
"six_arm_normal",116,"computed",0.9,0
"six_arm_normal",117,"computed",0.016,0.00999999999999801
"six_arm_normal",118,"computed",0.511,0.0199999999999996
"six_arm_normal",119,"computed",0.923,0.0300000000000011
"six_arm_normal",120,"computed",0.475,0.0100000000000016
"six_arm_normal",121,"computed",0.39,0.0199999999999996
"six_arm_normal",122,"computed",0.946,0.0199999999999996
"six_arm_normal",123,"computed",0.596,0
"six_arm_normal",124,"computed",0.264,0.0300000000000011
"six_arm_normal",125,"computed",0.823,0.0199999999999996
"six_arm_normal",126,"computed",0.969,0.0199999999999996
"six_arm_normal",127,"computed",0.209,0.0199999999999996
"six_arm_normal",128,"computed",0.904,0.0199999999999996
"six_arm_normal",129,"computed",0.034,0.00999999999999801
"six_arm_normal",130,"computed",0.987,0.0199999999999996
"six_arm_normal",131,"computed",0.264,0.0199999999999996
"six_arm_normal",132,"computed",0.833,0.0100000000000016
"six_arm_normal",133,"computed",0.221,0.0199999999999996
"six_arm_normal",134,"computed",0.899,0.0199999999999996
"six_arm_normal",135,"computed",0.008,0.0200000000000031
"six_arm_normal",136,"computed",0.567,0.00999999999999801
"six_arm_normal",137,"computed",0.727,0.0199999999999996
"six_arm_normal",138,"computed",0.639,0.0100000000000016
"six_arm_normal",139,"computed",0.152,0.0399999999999991
"six_arm_normal",140,"computed",0.404,0.0100000000000016
"six_arm_normal",141,"computed",0.265,0.0199999999999996
"six_arm_normal",142,"computed",0.824,0.0299999999999976
"six_arm_normal",143,"computed",0.554,0.0100000000000016
"six_arm_normal",144,"computed",0.433,0.0199999999999996
"six_arm_normal",145,"computed",0.79,0.0100000000000016
"six_arm_normal",146,"computed",0.825,0.0399999999999991
"six_arm_normal",147,"computed",0.204,0.00999999999999801
"six_arm_normal",148,"computed",0.084,0.0200000000000031
"six_arm_normal",149,"computed",0.809,0.00999999999999801
"six_arm_normal",150,"computed",0.189,0.0199999999999996
"six_arm_normal",151,"computed",0.054,0.0300000000000011
"six_arm_normal",152,"computed",0.732,0.0199999999999996
"six_arm_normal",153,"computed",0.601,0.0100000000000016
"six_arm_normal",154,"computed",0.153,0.0199999999999996
"six_arm_normal",155,"computed",0.895,0.00999999999999801
"six_arm_normal",156,"computed",0.439,0.0199999999999996
"six_arm_normal",157,"computed",0.241,0.0300000000000011
"six_arm_normal",158,"computed",0.449,0.0100000000000016
"six_arm_normal",159,"computed",0.912,0
"six_arm_normal",160,"computed",0.66,0.0199999999999996
"six_arm_normal",161,"computed",0.928,0.00999999999999801
"six_arm_normal",162,"computed",0.455,0.0200000000000031
"six_arm_normal",163,"computed",0.488,0.0299999999999976
"six_arm_normal",164,"computed",0.762,0.0100000000000016
"six_arm_normal",165,"computed",0.874,0.0199999999999996
"six_arm_normal",166,"computed",0.48,0
"six_arm_normal",167,"computed",0.17,0.0100000000000016
"six_arm_normal",168,"computed",0.169,0.0199999999999996
"six_arm_normal",169,"computed",0.364,0
"six_arm_normal",170,"computed",0.128,0.0100000000000016
"six_arm_normal",171,"computed",0.474,0.0100000000000016
"six_arm_normal",172,"computed",0.167,0.0199999999999996
"six_arm_normal",173,"computed",0.679,0.0199999999999996
"six_arm_normal",174,"computed",0.717,0.00999999999999801
"six_arm_normal",175,"computed",0.858,0.00999999999999801
"six_arm_normal",176,"computed",0.172,0.0199999999999996
"six_arm_normal",177,"computed",0.004,0.0100000000000016
"six_arm_normal",178,"computed",0.116,0.0199999999999996
"six_arm_normal",179,"computed",0.323,0.0199999999999996
"six_arm_normal",180,"computed",0.86,0.0300000000000011
"six_arm_normal",181,"computed",0.346,0.00999999999999801
"six_arm_normal",182,"computed",0.324,0.0199999999999996
"six_arm_normal",183,"computed",0.839,0.0100000000000016
"six_arm_normal",184,"computed",0.587,0.0199999999999996
"six_arm_normal",185,"computed",0.958,0.0199999999999996
"six_arm_normal",186,"computed",0.302,0.0199999999999996
"six_arm_normal",187,"computed",0.699,0.00999999999999801
"six_arm_normal",188,"computed",0.554,0.0300000000000011
"six_arm_normal",189,"computed",0.183,0.0199999999999996
"six_arm_normal",190,"computed",0.093,0.0100000000000016
"six_arm_normal",191,"computed",0.266,0.0199999999999996
"six_arm_normal",192,"computed",0.552,0.0199999999999996
"six_arm_normal",193,"computed",0.151,0.0100000000000016
"six_arm_normal",194,"computed",0.809,0.0199999999999996
"six_arm_normal",195,"computed",0.378,0.00999999999999801
"six_arm_normal",196,"computed",0.463,0.0199999999999996
"six_arm_normal",197,"computed",0.616,0.0100000000000016
"six_arm_normal",198,"computed",0.045,0.0300000000000011
"six_arm_normal",199,"computed",0.147,0.0399999999999991
"six_arm_normal",200,"computed",0.246,0.00999999999999801
"six_arm_normal",201,"computed",0.08,0
"six_arm_normal",202,"computed",0.28,0.0199999999999996
"six_arm_normal",203,"computed",0.271,0.0100000000000016
"six_arm_normal",204,"computed",0.2,0.0399999999999991
"six_arm_normal",205,"computed",0.167,0.0100000000000016
"six_arm_normal",206,"computed",0.65,0
"six_arm_normal",207,"computed",0.166,0.00999999999999801
"six_arm_normal",208,"computed",0.422,0.0199999999999996
"six_arm_normal",209,"computed",0.833,0.0100000000000016
"six_arm_normal",210,"computed",0.608,0.0199999999999996
"six_arm_normal",211,"computed",0.501,0.0100000000000016
"six_arm_normal",212,"computed",0.017,0.0399999999999991
"six_arm_normal",213,"computed",0.223,0.00999999999999801
"six_arm_normal",214,"computed",0.725,0.0200000000000031
"six_arm_normal",215,"computed",0.2,0.00999999999999801
"six_arm_normal",216,"computed",0.275,0
"six_arm_normal",217,"computed",0.894,0.0199999999999996
"six_arm_normal",218,"computed",0.286,0
"six_arm_normal",219,"computed",0.169,0.0199999999999996
"six_arm_normal",220,"computed",0.453,0.0199999999999996
"six_arm_normal",221,"computed",0.2,0.0100000000000016
"six_arm_normal",222,"computed",0.047,0.0199999999999996
"six_arm_normal",223,"computed",0.341,0
"six_arm_normal",224,"computed",0.539,0.0199999999999996
"six_arm_normal",225,"computed",0.135,0.0100000000000016
"six_arm_normal",226,"computed",0.534,0.0199999999999996
"six_arm_normal",227,"computed",0.274,0.0100000000000016
"six_arm_normal",228,"computed",0.225,0
"six_arm_normal",229,"computed",0.871,0.0199999999999996
"six_arm_normal",230,"computed",0.755,0
"six_arm_normal",231,"computed",0.871,0.00999999999999801
"six_arm_normal",232,"computed",0.719,0.0200000000000031
"six_arm_normal",233,"computed",0.137,0.00999999999999801
"six_arm_normal",234,"computed",0.731,0.0199999999999996
"six_arm_normal",235,"computed",0.808,0.0100000000000016
"six_arm_normal",236,"computed",0.876,0.0199999999999996
"six_arm_normal",237,"computed",0.835,0.0199999999999996
"six_arm_normal",238,"computed",0.583,0.0100000000000016
"six_arm_normal",239,"computed",0.377,0
"six_arm_normal",240,"computed",0.188,0.00999999999999801
"six_arm_normal",241,"computed",0.852,0.0199999999999996
"six_arm_normal",242,"computed",0.083,0.0100000000000016
"six_arm_normal",243,"computed",0.365,0.0199999999999996
"six_arm_normal",244,"computed",0.487,0.0100000000000016
"six_arm_normal",245,"computed",0.19,0.0199999999999996
"six_arm_normal",246,"computed",0.73,0.0199999999999996
"six_arm_normal",247,"computed",0.934,0.00999999999999801
"six_arm_normal",248,"computed",0.491,0.0200000000000031
"six_arm_normal",249,"computed",0.864,0.00999999999999801
"six_arm_normal",250,"computed",0.719,0
"six_arm_normal",251,"computed",0.119,0
"six_arm_normal",252,"computed",0.972,0
"six_arm_normal",253,"computed",0.414,0
"six_arm_normal",254,"computed",0.853,0.0100000000000016
"six_arm_normal",255,"computed",0.859,0.0199999999999996
"six_arm_normal",256,"computed",0.571,0.00999999999999801
"six_arm_normal",257,"computed",0.972,0.0199999999999996
"six_arm_normal",258,"computed",0.258,0.0100000000000016
"six_arm_normal",259,"computed",0.022,0.0199999999999996
"six_arm_normal",260,"computed",0.646,0.0100000000000016
"six_arm_normal",261,"computed",0.482,0.0199999999999996
"six_arm_normal",262,"computed",0.91,0.0199999999999996
"six_arm_normal",263,"computed",0.368,0.00999999999999801
"six_arm_normal",264,"computed",0.022,0.0200000000000031
"six_arm_normal",265,"computed",0.863,0
"six_arm_normal",266,"computed",0.833,0
"six_arm_normal",267,"computed",0.33,0.0199999999999996
"six_arm_normal",268,"computed",0.093,0.0100000000000016
"six_arm_normal",269,"computed",0.501,0.0199999999999996
"six_arm_normal",270,"computed",0.792,0
"six_arm_normal",271,"computed",0.343,0
"six_arm_normal",272,"computed",0.432,0.0100000000000016
"six_arm_normal",273,"computed",0.881,0.0199999999999996
"six_arm_normal",274,"computed",0.663,0
"six_arm_normal",275,"computed",0.168,0
"six_arm_normal",276,"computed",0.293,0.0100000000000016
"six_arm_normal",277,"computed",0.415,0
"six_arm_normal",278,"computed",0.542,0.0100000000000016
"six_arm_normal",279,"computed",0.439,0.0199999999999996
"six_arm_normal",280,"computed",0.929,0
"six_arm_normal",281,"computed",0.62,0
"six_arm_normal",282,"computed",0.466,0.00999999999999801
"six_arm_normal",283,"computed",0.68,0.0200000000000031
"six_arm_normal",284,"computed",0.838,0.00999999999999801
"six_arm_normal",285,"computed",0.475,0.0199999999999996
"six_arm_normal",286,"computed",0.981,0.0100000000000016
"six_arm_normal",287,"computed",0.821,0.0199999999999996
"six_arm_normal",288,"computed",0.116,0.0199999999999996
"six_arm_normal",289,"computed",0.583,0.0100000000000016
"six_arm_normal",290,"computed",0.408,0.0199999999999996
"six_arm_normal",291,"computed",0.147,0.00999999999999801
"six_arm_normal",292,"computed",0.651,0.0199999999999996
"six_arm_normal",293,"computed",0.443,0.0100000000000016
"six_arm_normal",294,"computed",0.747,0.0199999999999996
"six_arm_normal",295,"computed",0.584,0.0100000000000016
"six_arm_normal",296,"computed",0.016,0.0199999999999996
"six_arm_normal",297,"computed",0.455,0.0199999999999996
"six_arm_normal",298,"computed",0.242,0.00999999999999801
"six_arm_normal",299,"computed",0.497,0.0200000000000031
"six_arm_normal",300,"computed",0.03,0.00999999999999801
"six_arm_normal",301,"computed",0.771,0
"six_arm_normal",302,"computed",0.231,0.0100000000000016
"six_arm_normal",303,"computed",0.496,0
"six_arm_normal",304,"computed",0.681,0
"six_arm_normal",305,"computed",0.918,0.0199999999999996
"six_arm_normal",306,"computed",0.701,0
"six_arm_normal",307,"computed",0.712,0.0199999999999996
"six_arm_normal",308,"computed",0.1,0.00999999999999801
"six_arm_normal",309,"computed",0.204,0.0199999999999996
"six_arm_normal",310,"computed",0.51,0.0100000000000016
"six_arm_normal",311,"computed",0.07,0.0199999999999996
"six_arm_normal",312,"computed",0.29,0.0100000000000016
"six_arm_normal",313,"computed",0.374,0.0199999999999996
"six_arm_normal",314,"computed",0.821,0.0199999999999996
"six_arm_normal",315,"computed",0.278,0
"six_arm_normal",316,"computed",0.772,0
"six_arm_normal",317,"computed",0.793,0
"six_arm_normal",318,"computed",0.983,0
"six_arm_normal",319,"computed",0.539,0.0100000000000016
"six_arm_normal",320,"computed",0.828,0.0199999999999996
"six_arm_normal",321,"computed",0.087,0.0100000000000016
"six_arm_normal",322,"computed",0.236,0.0199999999999996
"six_arm_normal",323,"computed",0.751,0.00999999999999801
"six_arm_normal",324,"computed",0.966,0.0199999999999996
"six_arm_normal",325,"computed",0.384,0
"six_arm_normal",326,"computed",0.009,0
"six_arm_normal",327,"computed",0.141,0.0300000000000011
"six_arm_normal",328,"computed",0.743,0
"six_arm_normal",329,"computed",0.401,0.0199999999999996
"six_arm_normal",330,"computed",0.136,0.0199999999999996
"six_arm_normal",331,"computed",0.634,0.00999999999999801
"six_arm_normal",332,"computed",0.879,0.0200000000000031
"six_arm_normal",333,"computed",0.111,0.00999999999999801
"six_arm_normal",334,"computed",0.364,0.0100000000000016
"six_arm_normal",335,"computed",0.045,0
"six_arm_normal",336,"computed",0.473,0
"six_arm_normal",337,"computed",0.134,0
"six_arm_normal",338,"computed",0.1,0.0100000000000016
"six_arm_normal",339,"computed",0.57,0.0199999999999996
"six_arm_normal",340,"computed",0.824,0.00999999999999801
"six_arm_normal",341,"computed",0.662,0.0199999999999996
"six_arm_normal",342,"computed",0.234,0.0100000000000016
"six_arm_normal",343,"computed",0.647,0
"six_arm_normal",344,"computed",0.01,0.0100000000000016
"six_arm_normal",345,"computed",0.832,0.0199999999999996
"six_arm_normal",346,"computed",0.123,0
"six_arm_normal",347,"computed",0.059,0.00999999999999801
"six_arm_normal",348,"computed",0.315,0.0200000000000031
"six_arm_normal",349,"computed",0.024,0.00999999999999801
"six_arm_normal",350,"computed",0.055,0.0199999999999996
"six_arm_normal",351,"computed",0.507,0
"six_arm_normal",352,"computed",0.913,0.0300000000000011
"six_arm_normal",353,"computed",0.061,0.0199999999999996
"six_arm_normal",354,"computed",0.616,0.0100000000000016
"six_arm_normal",355,"computed",0.457,0
"six_arm_normal",356,"computed",0.395,0
"six_arm_normal",357,"computed",0.857,0
"six_arm_normal",358,"computed",0.477,0.00999999999999801
"six_arm_normal",359,"computed",0.229,0.0200000000000031
"six_arm_normal",360,"computed",0.754,0.00999999999999801
"six_arm_normal",361,"computed",0.508,0
"six_arm_normal",362,"computed",0.156,0.0100000000000016
"six_arm_normal",363,"computed",0.186,0
"six_arm_normal",364,"computed",0.033,0
"six_arm_normal",365,"computed",0.16,0
"six_arm_normal",366,"computed",0.874,0.0100000000000016
"six_arm_normal",367,"computed",0.286,0.0199999999999996
"six_arm_normal",368,"computed",0.862,0
"six_arm_normal",369,"computed",0.914,0
"six_arm_normal",370,"computed",0.571,0.0100000000000016
"six_arm_normal",371,"computed",0.03,0
"six_arm_normal",372,"computed",0.431,0
"six_arm_normal",373,"computed",0.599,0
"six_arm_normal",374,"computed",0.000999,0.0199999999999996
"six_arm_normal",375,"computed",0.033,0.00999999999999801
"six_arm_normal",376,"computed",0.709,0.0200000000000031
"six_arm_normal",377,"computed",0.236,0.00999999999999801
"six_arm_normal",378,"computed",0.038,0.0199999999999996
"six_arm_normal",379,"computed",0.433,0.0100000000000016
"six_arm_normal",380,"computed",0.4,0.0199999999999996
"six_arm_normal",381,"computed",0.061,0.0199999999999996
"six_arm_normal",382,"computed",0.279,0.0100000000000016
"six_arm_normal",383,"computed",0.846,0.0199999999999996
"six_arm_normal",384,"computed",0.929,0.00999999999999801
"six_arm_normal",385,"computed",0.968,0.0199999999999996
"six_arm_normal",386,"computed",0.888,0.0100000000000016
"six_arm_normal",387,"computed",0.415,0.0199999999999996
"six_arm_normal",388,"computed",0.533,0.0100000000000016
"six_arm_normal",389,"computed",0.255,0.0199999999999996
"six_arm_normal",390,"computed",0.413,0
"six_arm_normal",391,"computed",0.832,0
"six_arm_normal",392,"computed",0.189,0.00999999999999801
"six_arm_normal",393,"computed",0.553,0.0200000000000031
"six_arm_normal",394,"computed",0.477,0.00999999999999801
"six_arm_normal",395,"computed",0.699,0
"six_arm_normal",396,"computed",0.059,0
"six_arm_normal",397,"computed",0.132,0.0199999999999996
"six_arm_normal",398,"computed",0.944,0.0199999999999996
"six_arm_normal",399,"computed",0.817,0
"six_arm_normal",400,"computed",0.177,0.0199999999999996
